-- phpMyAdmin SQL Dump
-- version 5.2.1
-- https://www.phpmyadmin.net/
--
-- Host: 127.0.0.1
-- Generation Time: Aug 06, 2024 at 10:26 AM
-- Server version: 10.4.28-MariaDB
-- PHP Version: 8.2.4

SET SQL_MODE = "NO_AUTO_VALUE_ON_ZERO";
START TRANSACTION;
SET time_zone = "+00:00";


/*!40101 SET @OLD_CHARACTER_SET_CLIENT=@@CHARACTER_SET_CLIENT */;
/*!40101 SET @OLD_CHARACTER_SET_RESULTS=@@CHARACTER_SET_RESULTS */;
/*!40101 SET @OLD_COLLATION_CONNECTION=@@COLLATION_CONNECTION */;
/*!40101 SET NAMES utf8mb4 */;

--
-- Database: `shoeshack`
--
CREATE DATABASE IF NOT EXISTS `shoeshack` DEFAULT CHARACTER SET utf8mb4 COLLATE utf8mb4_general_ci;
USE `shoeshack`;

-- --------------------------------------------------------

--
-- Table structure for table `brand_master_tbl`
--

DROP TABLE IF EXISTS `brand_master_tbl`;
CREATE TABLE `brand_master_tbl` (
  `brand_id` bigint(20) NOT NULL,
  `brand_name` varchar(100) NOT NULL,
  `brand_status` bit(1) NOT NULL,
  `brand_image` varchar(1000) NOT NULL
) ENGINE=InnoDB DEFAULT CHARSET=utf8mb4 COLLATE=utf8mb4_general_ci;

--
-- Dumping data for table `brand_master_tbl`
--

INSERT INTO `brand_master_tbl` (`brand_id`, `brand_name`, `brand_status`, `brand_image`) VALUES
(1, 'Nike', b'1', 'nike_logo.svg'),
(2, 'Under Armour', b'1', 'under_armour_logo.svg'),
(3, 'Vans', b'1', 'vans_logo.svg'),
(4, 'Adidas', b'1', 'adidas_logo.svg'),
(5, 'Converse', b'1', 'converse_logo.svg'),
(6, 'Puma', b'1', 'puma_logo.svg');

-- --------------------------------------------------------

--
-- Table structure for table `cart_master_tbl`
--

DROP TABLE IF EXISTS `cart_master_tbl`;
CREATE TABLE `cart_master_tbl` (
  `cart_id` bigint(20) NOT NULL,
  `order_id` bigint(20) NOT NULL,
  `shoe_id` bigint(20) NOT NULL,
  `shoe_size_id` bigint(20) NOT NULL,
  `shoe_qty` int(5) NOT NULL
) ENGINE=InnoDB DEFAULT CHARSET=utf8mb4 COLLATE=utf8mb4_general_ci;

--
-- Dumping data for table `cart_master_tbl`
--

INSERT INTO `cart_master_tbl` (`cart_id`, `order_id`, `shoe_id`, `shoe_size_id`, `shoe_qty`) VALUES
(27, 12, 19, 132, 4),
(28, 12, 11, 75, 1);

-- --------------------------------------------------------

--
-- Table structure for table `category_master_tbl`
--

DROP TABLE IF EXISTS `category_master_tbl`;
CREATE TABLE `category_master_tbl` (
  `category_id` bigint(20) NOT NULL,
  `category_name` varchar(100) NOT NULL,
  `category_status` bit(1) NOT NULL
) ENGINE=InnoDB DEFAULT CHARSET=utf8mb4 COLLATE=utf8mb4_general_ci;

--
-- Dumping data for table `category_master_tbl`
--

INSERT INTO `category_master_tbl` (`category_id`, `category_name`, `category_status`) VALUES
(1, 'Men', b'1'),
(2, 'Women', b'1'),
(3, 'Kids', b'1');

-- --------------------------------------------------------

--
-- Table structure for table `color_master_tbl`
--

DROP TABLE IF EXISTS `color_master_tbl`;
CREATE TABLE `color_master_tbl` (
  `color_id` bigint(20) NOT NULL,
  `color` varchar(1000) NOT NULL
) ENGINE=InnoDB DEFAULT CHARSET=utf8mb4 COLLATE=utf8mb4_general_ci;

--
-- Dumping data for table `color_master_tbl`
--

INSERT INTO `color_master_tbl` (`color_id`, `color`) VALUES
(1, 'Light Smoke Grey/Blacksmoke Grey-dark Smoke Greywhite'),
(2, 'Black/Smoke Grey-ghost Green-photon Dust'),
(3, 'White/Black'),
(4, 'Red/White'),
(5, 'Blue/White'),
(6, 'Grey/Black'),
(7, 'Green/White');

-- --------------------------------------------------------

--
-- Table structure for table `contact_us_master_tbl`
--

DROP TABLE IF EXISTS `contact_us_master_tbl`;
CREATE TABLE `contact_us_master_tbl` (
  `contact_us_id` bigint(20) NOT NULL,
  `customer_fistname` varchar(100) NOT NULL,
  `customer_lastname` varchar(100) NOT NULL,
  `customer_email` varchar(100) NOT NULL,
  `customer_mobile` bigint(10) NOT NULL,
  `message` varchar(500) NOT NULL,
  `contact_us_date` timestamp NOT NULL DEFAULT current_timestamp()
) ENGINE=InnoDB DEFAULT CHARSET=utf8mb4 COLLATE=utf8mb4_general_ci;

--
-- Dumping data for table `contact_us_master_tbl`
--

INSERT INTO `contact_us_master_tbl` (`contact_us_id`, `customer_fistname`, `customer_lastname`, `customer_email`, `customer_mobile`, `message`, `contact_us_date`) VALUES
(1, 'Varshil', 'Patel', 'vasupatel166@gmail.com', 9055702305, 'sadsfdgfnh', '2024-08-06 03:23:37');

-- --------------------------------------------------------

--
-- Table structure for table `manage_customer_address_tbl`
--

DROP TABLE IF EXISTS `manage_customer_address_tbl`;
CREATE TABLE `manage_customer_address_tbl` (
  `address_id` bigint(20) NOT NULL,
  `customer_id` bigint(20) NOT NULL,
  `address` varchar(500) NOT NULL,
  `country` varchar(20) NOT NULL DEFAULT 'Canada',
  `province` varchar(100) NOT NULL,
  `city` varchar(100) NOT NULL,
  `postal_code` varchar(10) NOT NULL
) ENGINE=InnoDB DEFAULT CHARSET=utf8mb4 COLLATE=utf8mb4_general_ci;

--
-- Dumping data for table `manage_customer_address_tbl`
--

INSERT INTO `manage_customer_address_tbl` (`address_id`, `customer_id`, `address`, `country`, `province`, `city`, `postal_code`) VALUES
(1, 1, '70 Bellingham Drive', 'Canada', 'Ontario', 'Hamilton', 'L8V3R4');

-- --------------------------------------------------------

--
-- Table structure for table `manage_customer_tbl`
--

DROP TABLE IF EXISTS `manage_customer_tbl`;
CREATE TABLE `manage_customer_tbl` (
  `customer_id` bigint(20) NOT NULL,
  `customer_firstname` varchar(100) NOT NULL,
  `customer_lastname` varchar(100) NOT NULL,
  `customer_mobile` bigint(10) NOT NULL,
  `customer_email` varchar(100) NOT NULL,
  `customer_password` varchar(100) NOT NULL,
  `customer_date` timestamp NOT NULL DEFAULT current_timestamp() ON UPDATE current_timestamp()
) ENGINE=InnoDB DEFAULT CHARSET=utf8mb4 COLLATE=utf8mb4_general_ci;

--
-- Dumping data for table `manage_customer_tbl`
--

INSERT INTO `manage_customer_tbl` (`customer_id`, `customer_firstname`, `customer_lastname`, `customer_mobile`, `customer_email`, `customer_password`, `customer_date`) VALUES
(1, 'Varshil', 'Patel', 9055702305, 'vasupatel166@gmail.com', '$2y$10$QRiD1dBK3JqYfttWFm8FPelN4yuECzqkNWEHChjdXZuAUSmSbSPi2', '2024-08-04 22:25:05');

-- --------------------------------------------------------

--
-- Table structure for table `order_master_tbl`
--

DROP TABLE IF EXISTS `order_master_tbl`;
CREATE TABLE `order_master_tbl` (
  `order_id` bigint(20) NOT NULL,
  `customer_id` bigint(20) NOT NULL,
  `invoice_number` varchar(20) NOT NULL,
  `subtotal_bill` decimal(18,2) NOT NULL,
  `shipping_charges` decimal(18,2) NOT NULL,
  `shoe_tax` float(10,2) NOT NULL,
  `discount_id` bigint(20) DEFAULT NULL,
  `discount_amt` decimal(10,2) NOT NULL,
  `final_amt` decimal(10,2) NOT NULL,
  `payment_type` varchar(100) NOT NULL,
  `order_status` varchar(100) NOT NULL,
  `order_date` timestamp NOT NULL DEFAULT current_timestamp()
) ENGINE=InnoDB DEFAULT CHARSET=utf8mb4 COLLATE=utf8mb4_general_ci;

--
-- Dumping data for table `order_master_tbl`
--

INSERT INTO `order_master_tbl` (`order_id`, `customer_id`, `invoice_number`, `subtotal_bill`, `shipping_charges`, `shoe_tax`, `discount_id`, `discount_amt`, `final_amt`, `payment_type`, `order_status`, `order_date`) VALUES
(12, 1, 'inv-66b1d74b24566', 1384.45, 0.00, 179.98, NULL, 0.00, 1564.43, 'Paypal', 'Completed', '2024-08-06 07:56:44');

-- --------------------------------------------------------

--
-- Table structure for table `place_of_supply_tbl`
--

DROP TABLE IF EXISTS `place_of_supply_tbl`;
CREATE TABLE `place_of_supply_tbl` (
  `place_of_supply_id` bigint(20) NOT NULL,
  `provinces` varchar(40) NOT NULL,
  `cities` varchar(40) NOT NULL
) ENGINE=InnoDB DEFAULT CHARSET=utf8mb4 COLLATE=utf8mb4_general_ci;

--
-- Dumping data for table `place_of_supply_tbl`
--

INSERT INTO `place_of_supply_tbl` (`place_of_supply_id`, `provinces`, `cities`) VALUES
(1, 'Ontario', 'Toronto'),
(2, 'Quebec', 'Montreal'),
(3, 'British Columbia', 'Vancouver'),
(4, 'Alberta', 'Calgary'),
(5, 'Alberta', 'Edmonton'),
(6, 'Ontario', 'Ottawa'),
(7, 'Manitoba', 'Winnipeg'),
(8, 'Quebec', 'Quebec City'),
(9, 'Ontario', 'Hamilton'),
(10, 'Ontario', 'Mississauga'),
(11, 'Ontario', 'Brampton'),
(12, 'British Columbia', 'Surrey'),
(13, 'Ontario', 'Kitchener'),
(14, 'Nova Scotia', 'Halifax'),
(15, 'Quebec', 'Laval'),
(16, 'Ontario', 'London'),
(17, 'British Columbia', 'Victoria'),
(18, 'Ontario', 'Markham'),
(19, 'Ontario', 'Oshawa'),
(20, 'Ontario', 'Vaughan'),
(21, 'Ontario', 'Windsor'),
(22, 'Quebec', 'Gatineau'),
(23, 'Saskatchewan', 'Saskatoon'),
(24, 'Quebec', 'Longueuil'),
(25, 'British Columbia', 'Burnaby'),
(26, 'Ontario', 'St. Catharines'),
(27, 'Saskatchewan', 'Regina'),
(28, 'Ontario', 'Oakville'),
(29, 'British Columbia', 'Richmond'),
(30, 'Ontario', 'Richmond Hill'),
(31, 'Ontario', 'Burlington'),
(32, 'Newfoundland and Labrador', 'St. John\'s'),
(33, 'British Columbia', 'Kelowna'),
(34, 'Quebec', 'Sherbrooke'),
(35, 'Ontario', 'Sudbury'),
(36, 'Ontario', 'Barrie'),
(37, 'British Columbia', 'Abbotsford'),
(38, 'Quebec', 'Levis'),
(39, 'British Columbia', 'Coquitlam'),
(40, 'Quebec', 'Saguenay'),
(41, 'Ontario', 'Guelph'),
(42, 'Quebec', 'Trois-Rivieres'),
(43, 'Ontario', 'Whitby'),
(44, 'Ontario', 'Cambridge'),
(45, 'Ontario', 'Milton'),
(46, 'Ontario', 'Ajax'),
(47, 'Ontario', 'Waterloo'),
(48, 'Quebec', 'Terrebonne'),
(49, 'New Brunswick', 'Moncton'),
(50, 'British Columbia', 'Saanich'),
(51, 'British Columbia', 'White Rock'),
(52, 'Ontario', 'Thunder Bay'),
(53, 'British Columbia', 'Delta'),
(54, 'British Columbia', 'Nanaimo'),
(55, 'Ontario', 'Brantford'),
(56, 'Ontario', 'Chatham'),
(57, 'Ontario', 'Clarington'),
(58, 'Quebec', 'Saint-Jerome'),
(59, 'Alberta', 'Red Deer'),
(60, 'Ontario', 'Pickering'),
(61, 'Alberta', 'Lethbridge'),
(62, 'British Columbia', 'Kamloops'),
(63, 'Quebec', 'Saint-Jean-sur-Richelieu'),
(64, 'Ontario', 'Niagara Falls'),
(65, 'Nova Scotia', 'Cape Breton'),
(66, 'British Columbia', 'Chilliwack'),
(67, 'Quebec', 'Brossard'),
(68, 'British Columbia', 'Maple Ridge'),
(69, 'Ontario', 'Newmarket'),
(70, 'Quebec', 'Repentigny'),
(71, 'Ontario', 'Peterborough'),
(72, 'Quebec', 'Drummondville'),
(73, 'Ontario', 'Kawartha Lakes'),
(74, 'British Columbia', 'New Westminster'),
(75, 'British Columbia', 'Prince George'),
(76, 'Ontario', 'Caledon'),
(77, 'Quebec', 'Chateauguay'),
(78, 'Ontario', 'Belleville'),
(79, 'Alberta', 'Airdrie'),
(80, 'Ontario', 'Sarnia'),
(81, 'Alberta', 'Wood Buffalo'),
(82, 'Ontario', 'Sault Ste. Marie'),
(83, 'New Brunswick', 'Saint John'),
(84, 'Ontario', 'Welland'),
(85, 'Quebec', 'Granby'),
(86, 'Alberta', 'St. Albert'),
(87, 'New Brunswick', 'Fredericton'),
(88, 'Alberta', 'Grande Prairie'),
(89, 'Alberta', 'Medicine Hat'),
(90, 'Ontario', 'Halton Hills'),
(91, 'Ontario', 'Aurora'),
(92, 'British Columbia', 'Port Coquitlam'),
(93, 'Quebec', 'Mirabel'),
(94, 'Quebec', 'Blainville'),
(95, 'Quebec', 'Lac-Brome'),
(96, 'British Columbia', 'North Vancouver'),
(97, 'Quebec', 'Saint-Hyacinthe'),
(98, 'Quebec', 'Beloeil'),
(99, 'Ontario', 'North Bay'),
(100, 'Prince Edward Island', 'Charlottetown'),
(101, 'British Columbia', 'Vernon'),
(102, 'Manitoba', 'Brandon'),
(103, 'Quebec', 'Mascouche'),
(104, 'Ontario', 'Stouffville'),
(105, 'Quebec', 'Shawinigan'),
(106, 'Quebec', 'Joliette'),
(107, 'Quebec', 'Rimouski'),
(108, 'British Columbia', 'Courtenay'),
(109, 'Quebec', 'Dollard-des-Ormeaux'),
(110, 'Ontario', 'Cornwall'),
(111, 'Quebec', 'Victoriaville'),
(112, 'Ontario', 'Georgina'),
(113, 'Ontario', 'Woodstock'),
(114, 'British Columbia', 'Langford Station'),
(115, 'Ontario', 'Quinte West'),
(116, 'Ontario', 'St. Thomas'),
(117, 'Quebec', 'Saint-Eustache'),
(118, 'British Columbia', 'West Vancouver'),
(119, 'Ontario', 'New Tecumseth'),
(120, 'Ontario', 'Innisfil'),
(121, 'Quebec', 'Vaudreuil-Dorion'),
(122, 'Ontario', 'Bradford West Gwillimbury'),
(123, 'Quebec', 'Salaberry-de-Valleyfield'),
(124, 'Quebec', 'Rouyn-Noranda'),
(125, 'Quebec', 'Boucherville'),
(126, 'British Columbia', 'Mission'),
(127, 'Ontario', 'Timmins'),
(128, 'Ontario', 'Lakeshore'),
(129, 'Ontario', 'Brant'),
(130, 'Alberta', 'Spruce Grove'),
(131, 'British Columbia', 'Campbell River'),
(132, 'Saskatchewan', 'Prince Albert'),
(133, 'British Columbia', 'Penticton'),
(134, 'Quebec', 'Sorel-Tracy'),
(135, 'British Columbia', 'East Kelowna'),
(136, 'Ontario', 'Leamington'),
(137, 'Ontario', 'East Gwillimbury'),
(138, 'Quebec', 'Cote-Saint-Luc'),
(139, 'Ontario', 'Orangeville'),
(140, 'Alberta', 'Leduc'),
(141, 'Saskatchewan', 'Moose Jaw'),
(142, 'British Columbia', 'Port Moody'),
(143, 'Quebec', 'Pointe-Claire'),
(144, 'Ontario', 'Orillia'),
(145, 'Ontario', 'Stratford'),
(146, 'Ontario', 'Fort Erie'),
(147, 'Quebec', 'Val-d\'Or'),
(148, 'Ontario', 'LaSalle'),
(149, 'Alberta', 'Cochrane'),
(150, 'British Columbia', 'North Cowichan'),
(151, 'Saskatchewan', 'Lloydminster'),
(152, 'Quebec', 'Chambly'),
(153, 'Ontario', 'Centre Wellington'),
(154, 'Alberta', 'Okotoks'),
(155, 'Quebec', 'Alma'),
(156, 'Quebec', 'Sainte-Julie'),
(157, 'Quebec', 'Saint-Constant'),
(158, 'British Columbia', 'Langley'),
(159, 'Ontario', 'Grimsby'),
(160, 'Quebec', 'Magog'),
(161, 'Quebec', 'Boisbriand'),
(162, 'Yukon', 'Whitehorse'),
(163, 'New Brunswick', 'Dieppe'),
(164, 'Ontario', 'King'),
(165, 'British Columbia', 'Parksville'),
(166, 'Newfoundland and Labrador', 'Conception Bay South'),
(167, 'Alberta', 'Fort Saskatchewan'),
(168, 'Ontario', 'Woolwich'),
(169, 'Quebec', 'Sainte-Therese'),
(170, 'Ontario', 'Clarence-Rockland'),
(171, 'Quebec', 'La Prairie'),
(172, 'Quebec', 'Saint-Bruno-de-Montarville'),
(173, 'Ontario', 'Midland'),
(174, 'Quebec', 'Thetford Mines'),
(175, 'Ontario', 'Lincoln'),
(176, 'New Brunswick', 'Quispamsis'),
(177, 'Ontario', 'Wasaga Beach'),
(178, 'Ontario', 'Collingwood'),
(179, 'Quebec', 'Sept-Iles'),
(180, 'British Columbia', 'Duncan'),
(181, 'Quebec', 'Hudson'),
(182, 'Quebec', 'Saint-Lin--Laurentides'),
(183, 'Ontario', 'Strathroy-Caradoc'),
(184, 'British Columbia', 'Squamish'),
(185, 'Ontario', 'Thorold'),
(186, 'Nova Scotia', 'Truro'),
(187, 'Ontario', 'Amherstburg'),
(188, 'Quebec', 'L\'Assomption'),
(189, 'Ontario', 'Tecumseh'),
(190, 'Quebec', 'Candiac'),
(191, 'Ontario', 'Essa'),
(192, 'Newfoundland and Labrador', 'Paradise'),
(193, 'Quebec', 'Saint-Lambert'),
(194, 'Newfoundland and Labrador', 'Mount Pearl Park'),
(195, 'Quebec', 'Saint-Lazare'),
(196, 'Ontario', 'Owen Sound'),
(197, 'Ontario', 'Brockville'),
(198, 'Alberta', 'Chestermere'),
(199, 'Ontario', 'Kingsville'),
(200, 'British Columbia', 'Port Alberni'),
(201, 'Ontario', 'Springwater'),
(202, 'Ontario', 'Scugog'),
(203, 'Ontario', 'Uxbridge'),
(204, 'British Columbia', 'Fort St. John'),
(205, 'Ontario', 'Wilmot'),
(206, 'Ontario', 'Essex'),
(207, 'Quebec', 'Varennes'),
(208, 'Ontario', 'Oro-Medonte'),
(209, 'Quebec', 'Mont-Royal'),
(210, 'Alberta', 'Beaumont'),
(211, 'Quebec', 'Baie-Comeau'),
(212, 'New Brunswick', 'Riverview'),
(213, 'Ontario', 'Cobourg'),
(214, 'British Columbia', 'Cranbrook'),
(215, 'Northwest Territories', 'Yellowknife'),
(216, 'Ontario', 'South Frontenac'),
(217, 'Quebec', 'Riviere-du-Loup'),
(218, 'Ontario', 'Port Colborne'),
(219, 'Quebec', 'Saint-Augustin-de-Desmaures'),
(220, 'Ontario', 'Huntsville'),
(221, 'Quebec', 'Sainte-Marthe-sur-le-Lac'),
(222, 'Alberta', 'Lloydminster'),
(223, 'Quebec', 'Westmount'),
(224, 'Ontario', 'Russell'),
(225, 'Quebec', 'Les Coteaux'),
(226, 'British Columbia', 'Salmon Arm'),
(227, 'Quebec', 'Kirkland'),
(228, 'Newfoundland and Labrador', 'Corner Brook'),
(229, 'Nova Scotia', 'New Glasgow'),
(230, 'Quebec', 'Dorval'),
(231, 'Quebec', 'Beaconsfield'),
(232, 'British Columbia', 'Pitt Meadows'),
(233, 'Ontario', 'Niagara-on-the-Lake'),
(234, 'British Columbia', 'Colwood'),
(235, 'Ontario', 'Middlesex Centre'),
(236, 'Quebec', 'Mont-Saint-Hilaire'),
(237, 'Alberta', 'Camrose'),
(238, 'Ontario', 'Selwyn'),
(239, 'Ontario', 'Tillsonburg'),
(240, 'Ontario', 'Pelham'),
(241, 'Ontario', 'Petawawa'),
(242, 'Alberta', 'Stony Plain'),
(243, 'British Columbia', 'Oak Bay'),
(244, 'Ontario', 'North Grenville'),
(245, 'Ontario', 'Loyalist'),
(246, 'Quebec', 'Deux-Montagnes'),
(247, 'Manitoba', 'Steinbach'),
(248, 'Quebec', 'Saint-Colomban'),
(249, 'New Brunswick', 'Miramichi'),
(250, 'British Columbia', 'Esquimalt'),
(251, 'British Columbia', 'Central Saanich'),
(252, 'Quebec', 'Sainte-Catherine'),
(253, 'Ontario', 'Port Hope'),
(254, 'Nova Scotia', 'Inverness'),
(255, 'Quebec', 'Saint-Basile-le-Grand'),
(256, 'Quebec', 'L\'Ancienne-Lorette'),
(257, 'Saskatchewan', 'Swift Current'),
(258, 'Ontario', 'Pembroke'),
(259, 'New Brunswick', 'Edmundston'),
(260, 'Saskatchewan', 'Yorkton'),
(261, 'Manitoba', 'Springfield'),
(262, 'Alberta', 'Sylvan Lake'),
(263, 'Ontario', 'Bracebridge'),
(264, 'Prince Edward Island', 'Summerside'),
(265, 'Alberta', 'Canmore'),
(266, 'New Brunswick', 'Bathurst'),
(267, 'Ontario', 'Greater Napanee'),
(268, 'British Columbia', 'Lake Country'),
(269, 'Manitoba', 'Hanover'),
(270, 'Manitoba', 'Winkler'),
(271, 'Quebec', 'Saint-Charles-Borromee'),
(272, 'Quebec', 'Cowansville'),
(273, 'Quebec', 'Sainte-Anne-des-Plaines'),
(274, 'Quebec', 'Gaspe'),
(275, 'British Columbia', 'Sooke'),
(276, 'Ontario', 'Kenora'),
(277, 'Alberta', 'Cold Lake'),
(278, 'Alberta', 'Brooks'),
(279, 'Nova Scotia', 'Kentville'),
(280, 'British Columbia', 'Comox'),
(281, 'Quebec', 'Pincourt'),
(282, 'Ontario', 'Mississippi Mills'),
(283, 'Ontario', 'St. Clair'),
(284, 'British Columbia', 'Terrace'),
(285, 'Quebec', 'Mercier'),
(286, 'Ontario', 'West Lincoln'),
(287, 'Quebec', 'Lavaltrie'),
(288, 'Ontario', 'West Nipissing / Nipissing Ouest'),
(289, 'Alberta', 'Strathmore'),
(290, 'Alberta', 'High River'),
(291, 'Ontario', 'Clearview'),
(292, 'Quebec', 'Lachute'),
(293, 'Quebec', 'Rosemere'),
(294, 'Quebec', 'Matane'),
(295, 'Ontario', 'Thames Centre'),
(296, 'British Columbia', 'Powell River'),
(297, 'Ontario', 'Carleton Place'),
(298, 'Ontario', 'Guelph/Eramosa'),
(299, 'Newfoundland and Labrador', 'Grand Falls'),
(300, 'Saskatchewan', 'North Battleford'),
(301, 'Quebec', 'Mont-Laurier'),
(302, 'Ontario', 'Central Elgin'),
(303, 'Quebec', 'Mistassini'),
(304, 'Ontario', 'Saugeen Shores'),
(305, 'Ontario', 'Ingersoll'),
(306, 'Quebec', 'Beauharnois'),
(307, 'Ontario', 'South Stormont'),
(308, 'Quebec', 'Becancour'),
(309, 'Ontario', 'Severn'),
(310, 'Alberta', 'Lacombe'),
(311, 'Quebec', 'Sainte-Sophie'),
(312, 'Quebec', 'Val-des-Monts'),
(313, 'Quebec', 'Saint-Amable'),
(314, 'Manitoba', 'Portage La Prairie'),
(315, 'Ontario', 'South Glengarry'),
(316, 'Quebec', 'Sainte-Marie'),
(317, 'Ontario', 'North Perth'),
(318, 'Manitoba', 'Thompson'),
(319, 'Ontario', 'Trent Hills'),
(320, 'British Columbia', 'Trail'),
(321, 'Ontario', 'The Nation / La Nation'),
(322, 'Quebec', 'Amos'),
(323, 'Alberta', 'Wetaskiwin'),
(324, 'Ontario', 'West Grey'),
(325, 'Saskatchewan', 'Warman'),
(326, 'British Columbia', 'Dawson Creek'),
(327, 'British Columbia', 'Sidney'),
(328, 'Ontario', 'Gravenhurst'),
(329, 'British Columbia', 'Prince Rupert'),
(330, 'Ontario', 'Perth East'),
(331, 'British Columbia', 'North Saanich'),
(332, 'Quebec', 'Prevost'),
(333, 'Quebec', 'Sainte-Adele'),
(334, 'Quebec', 'Sainte-Agathe-des-Monts'),
(335, 'British Columbia', 'Quesnel'),
(336, 'Quebec', 'Les Iles-de-la-Madeleine'),
(337, 'Manitoba', 'Tache'),
(338, 'Ontario', 'Wellington North'),
(339, 'Manitoba', 'St. Andrews'),
(340, 'British Columbia', 'Williams Lake'),
(341, 'Newfoundland and Labrador', 'Gander'),
(342, 'British Columbia', 'Whistler'),
(343, 'Ontario', 'Brighton'),
(344, 'Ontario', 'Tiny'),
(345, 'Ontario', 'Hawkesbury'),
(346, 'Quebec', 'Carignan'),
(347, 'Ontario', 'Brock'),
(348, 'Quebec', 'L\'Ile-Perrot'),
(349, 'British Columbia', 'Summerland'),
(350, 'Manitoba', 'St. Clements'),
(351, 'British Columbia', 'View Royal'),
(352, 'Quebec', 'Montmagny'),
(353, 'Quebec', 'Cantley'),
(354, 'Ontario', 'Erin'),
(355, 'Quebec', 'Notre-Dame-de-l\'Ile-Perrot'),
(356, 'Ontario', 'Kincardine'),
(357, 'Ontario', 'Elliot Lake'),
(358, 'Quebec', 'Bromont'),
(359, 'Ontario', 'Arnprior'),
(360, 'Ontario', 'North Dundas'),
(361, 'Ontario', 'Wellesley'),
(362, 'British Columbia', 'Nelson'),
(363, 'British Columbia', 'Ladysmith'),
(364, 'British Columbia', 'Coldstream'),
(365, 'Ontario', 'Georgian Bluffs'),
(366, 'Saskatchewan', 'Weyburn'),
(367, 'Quebec', 'La Tuque'),
(368, 'Ontario', 'Norwich'),
(369, 'Ontario', 'Meaford'),
(370, 'Ontario', 'Adjala-Tosorontio'),
(371, 'Ontario', 'Hamilton Township'),
(372, 'Prince Edward Island', 'Stratford'),
(373, 'Saskatchewan', 'Estevan'),
(374, 'Ontario', 'South Dundas'),
(375, 'Ontario', 'Lambton Shores'),
(376, 'Ontario', 'North Dumfries'),
(377, 'Saskatchewan', 'Martensville'),
(378, 'Ontario', 'Mapleton'),
(379, 'Quebec', 'Rawdon'),
(380, 'Alberta', 'Morinville'),
(381, 'Alberta', 'Blackfalds'),
(382, 'Nova Scotia', 'Chester'),
(383, 'Nova Scotia', 'Queens'),
(384, 'Manitoba', 'Selkirk'),
(385, 'Quebec', 'Saint-Felicien'),
(386, 'Quebec', 'Roberval'),
(387, 'Ontario', 'Rideau Lakes'),
(388, 'British Columbia', 'Sechelt'),
(389, 'Quebec', 'Bois-des-Filion'),
(390, 'Ontario', 'North Glengarry'),
(391, 'Ontario', 'South Huron'),
(392, 'Quebec', 'Marieville'),
(393, 'Ontario', 'Penetanguishene'),
(394, 'Ontario', 'Tay'),
(395, 'British Columbia', 'Castlegar'),
(396, 'Ontario', 'Cavan Monaghan'),
(397, 'Manitoba', 'Morden'),
(398, 'Ontario', 'Temiskaming Shores'),
(399, 'Alberta', 'Hinton'),
(400, 'Quebec', 'Saint-Sauveur'),
(401, 'Ontario', 'Grey Highlands'),
(402, 'Manitoba', 'East St. Paul'),
(403, 'Quebec', 'Stoneham-et-Tewkesbury'),
(404, 'Ontario', 'Alfred and Plantagenet'),
(405, 'Quebec', 'Mont-Tremblant'),
(406, 'Quebec', 'Saint-Zotique'),
(407, 'Quebec', 'Saint-Raymond'),
(408, 'British Columbia', 'Gibsons'),
(409, 'Nova Scotia', 'Amherst'),
(410, 'Ontario', 'Elizabethtown-Kitley'),
(411, 'Ontario', 'Smiths Falls'),
(412, 'Quebec', 'Lorraine'),
(413, 'Ontario', 'Ramara'),
(414, 'Quebec', 'Notre-Dame-des-Prairies'),
(415, 'Ontario', 'Leeds and the Thousand Islands'),
(416, 'Ontario', 'Brockton'),
(417, 'Ontario', 'Laurentian Valley'),
(418, 'Ontario', 'Mono'),
(419, 'Quebec', 'Sainte-Julienne'),
(420, 'British Columbia', 'Qualicum Beach'),
(421, 'Ontario', 'Malahide'),
(422, 'New Brunswick', 'Oromocto'),
(423, 'Alberta', 'Whitecourt'),
(424, 'Alberta', 'Olds'),
(425, 'Ontario', 'Huron East'),
(426, 'Ontario', 'Beckwith'),
(427, 'Newfoundland and Labrador', 'Labrador City'),
(428, 'Ontario', 'Shelburne'),
(429, 'Manitoba', 'Stanley'),
(430, 'Alberta', 'Taber'),
(431, 'Quebec', 'Donnacona'),
(432, 'Saskatchewan', 'Corman Park No. 344'),
(433, 'Quebec', 'L\'Epiphanie'),
(434, 'Ontario', 'West Perth'),
(435, 'New Brunswick', 'Campbellton'),
(436, 'Nova Scotia', 'Bridgewater'),
(437, 'Alberta', 'Coaldale'),
(438, 'Quebec', 'Pont-Rouge'),
(439, 'Ontario', 'Champlain'),
(440, 'Quebec', 'Coaticook'),
(441, 'Ontario', 'Minto'),
(442, 'Quebec', 'La Peche'),
(443, 'New Brunswick', 'Shediac'),
(444, 'Quebec', 'Otterburn Park'),
(445, 'Quebec', 'Sainte-Brigitte-de-Laval'),
(446, 'Quebec', 'Sainte-Catherine-de-la-Jacques-Cartier'),
(447, 'Ontario', 'South Bruce Peninsula'),
(448, 'Newfoundland and Labrador', 'Portugal Cove-St. Philip\'s'),
(449, 'Alberta', 'Edson'),
(450, 'Ontario', 'Renfrew'),
(451, 'Quebec', 'Farnham'),
(452, 'Quebec', 'Delson'),
(453, 'Ontario', 'Plympton-Wyoming'),
(454, 'Alberta', 'Banff'),
(455, 'Ontario', 'Kapuskasing'),
(456, 'Quebec', 'La Malbaie'),
(457, 'Quebec', 'Boischatel'),
(458, 'Quebec', 'Beauport'),
(459, 'Ontario', 'Zorra'),
(460, 'British Columbia', 'Kitimat'),
(461, 'Manitoba', 'Macdonald'),
(462, 'Newfoundland and Labrador', 'Happy Valley'),
(463, 'Quebec', 'Saint-Hippolyte'),
(464, 'Manitoba', 'Dauphin'),
(465, 'Nova Scotia', 'Church Point'),
(466, 'Quebec', 'Old Chelsea'),
(467, 'Alberta', 'Drumheller'),
(468, 'Ontario', 'Kirkland Lake'),
(469, 'Ontario', 'Aylmer'),
(470, 'Quebec', 'Saint-Apollinaire'),
(471, 'Ontario', 'Puslinch'),
(472, 'Nova Scotia', 'Argyle'),
(473, 'Newfoundland and Labrador', 'Torbay'),
(474, 'Nova Scotia', 'Yarmouth'),
(475, 'Alberta', 'Innisfail'),
(476, 'Quebec', 'Nicolet'),
(477, 'Manitoba', 'Rockwood'),
(478, 'Ontario', 'Drummond/North Elmsley'),
(479, 'Quebec', 'Contrecoeur'),
(480, 'Ontario', 'Hanover'),
(481, 'Ontario', 'Dryden'),
(482, 'Nunavut', 'Iqaluit'),
(483, 'Ontario', 'Fort Frances'),
(484, 'Ontario', 'Goderich'),
(485, 'Quebec', 'La Sarre'),
(486, 'Quebec', 'Chandler'),
(487, 'Ontario', 'Stone Mills'),
(488, 'Ontario', 'South-West Oxford'),
(489, 'Quebec', 'Acton Vale'),
(490, 'Ontario', 'Douro-Dummer'),
(491, 'Quebec', 'Saint-Philippe'),
(492, 'Ontario', 'McNab/Braeside'),
(493, 'Ontario', 'Central Huron'),
(494, 'Quebec', 'Rigaud'),
(495, 'Quebec', 'Louiseville'),
(496, 'Quebec', 'Chibougamau'),
(497, 'Quebec', 'Coteau-du-Lac'),
(498, 'Manitoba', 'Ritchot'),
(499, 'British Columbia', 'Kimberley'),
(500, 'Ontario', 'Blandford-Blenheim'),
(501, 'Ontario', 'Bayham'),
(502, 'Ontario', 'Augusta'),
(503, 'Newfoundland and Labrador', 'Stephenville'),
(504, 'Manitoba', 'The Pas'),
(505, 'Ontario', 'St. Marys'),
(506, 'Quebec', 'Saint-Remi'),
(507, 'Alberta', 'Drayton Valley'),
(508, 'Alberta', 'Ponoka'),
(509, 'Ontario', 'Southgate'),
(510, 'Quebec', 'Les Cedres'),
(511, 'Quebec', 'Baie-Saint-Paul'),
(512, 'British Columbia', 'Merritt'),
(513, 'Ontario', 'Bluewater'),
(514, 'Ontario', 'East Zorra-Tavistock'),
(515, 'Quebec', 'Brownsburg'),
(516, 'Quebec', 'Asbestos'),
(517, 'Ontario', 'Otonabee-South Monaghan'),
(518, 'Ontario', 'Huron-Kinloss'),
(519, 'Quebec', 'Hampstead'),
(520, 'Quebec', 'Saint-Joseph-du-Lac'),
(521, 'Quebec', 'Plessisville'),
(522, 'Ontario', 'The Blue Mountains'),
(523, 'Ontario', 'Whitewater Region'),
(524, 'Ontario', 'Edwardsburgh/Cardinal'),
(525, 'Quebec', 'Sainte-Anne-des-Monts'),
(526, 'Newfoundland and Labrador', 'Bay Roberts'),
(527, 'Ontario', 'Wainfleet'),
(528, 'Ontario', 'North Stormont'),
(529, 'Ontario', 'Alnwick/Haldimand'),
(530, 'Alberta', 'Peace River'),
(531, 'Quebec', 'Saint-Lambert-de-Lauzon'),
(532, 'Ontario', 'Arran-Elderslie'),
(533, 'Ontario', 'Parry Sound'),
(534, 'Quebec', 'Val-Shefford'),
(535, 'Manitoba', 'West St. Paul'),
(536, 'Alberta', 'Slave Lake'),
(537, 'Quebec', 'Port-Cartier'),
(538, 'Nova Scotia', 'Barrington'),
(539, 'Alberta', 'Rocky Mountain House'),
(540, 'Ontario', 'Muskoka Falls'),
(541, 'Prince Edward Island', 'Cornwall'),
(542, 'Quebec', 'Saint-Paul'),
(543, 'Alberta', 'Devon'),
(544, 'Ontario', 'Perth'),
(545, 'Alberta', 'Wainwright'),
(546, 'Quebec', 'Shannon'),
(547, 'Quebec', 'Saint-Honore'),
(548, 'New Brunswick', 'Beaubassin East / Beaubassin-est'),
(549, 'Alberta', 'Bonnyville'),
(550, 'Ontario', 'Cramahe'),
(551, 'Quebec', 'Beauceville'),
(552, 'Ontario', 'North Middlesex'),
(553, 'Quebec', 'Beaupre'),
(554, 'Quebec', 'Charlemagne'),
(555, 'British Columbia', 'Kent'),
(556, 'Newfoundland and Labrador', 'Clarenville'),
(557, 'Quebec', 'Mont-Joli'),
(558, 'Quebec', 'Pointe-Calumet'),
(559, 'Ontario', 'Dysart et al'),
(560, 'Newfoundland and Labrador', 'Carbonear'),
(561, 'British Columbia', 'Hope'),
(562, 'Quebec', 'Pontiac'),
(563, 'Quebec', 'L\'Ange-Gardien'),
(564, 'Ontario', 'Hindon Hill'),
(565, 'Manitoba', 'La Broquerie'),
(566, 'Ontario', 'Tweed'),
(567, 'Ontario', 'Oliver Paipoonge'),
(568, 'Quebec', 'Saint-Felix-de-Valois'),
(569, 'Saskatchewan', 'Melfort'),
(570, 'Alberta', 'Stettler'),
(571, 'Manitoba', 'Niverville'),
(572, 'Quebec', 'McMasterville'),
(573, 'New Brunswick', 'Douglas'),
(574, 'Quebec', 'Saint-Calixte'),
(575, 'Quebec', 'Lac-Megantic'),
(576, 'Saskatchewan', 'Humboldt'),
(577, 'Alberta', 'St. Paul'),
(578, 'Quebec', 'Saint-Henri'),
(579, 'British Columbia', 'Peachland'),
(580, 'Quebec', 'Vercheres'),
(581, 'Quebec', 'Richelieu'),
(582, 'Ontario', 'Petrolia'),
(583, 'Ontario', 'Southwest Middlesex'),
(584, 'Ontario', 'Front of Yonge'),
(585, 'British Columbia', 'Oliver'),
(586, 'Alberta', 'Vegreville'),
(587, 'Quebec', 'Princeville'),
(588, 'Quebec', 'Saint-Cesaire'),
(589, 'Ontario', 'Tay Valley'),
(590, 'Ontario', 'South Bruce'),
(591, 'Nova Scotia', 'Antigonish'),
(592, 'Alberta', 'Crowsnest Pass'),
(593, 'Alberta', 'Redcliff'),
(594, 'Quebec', 'Val-David'),
(595, 'British Columbia', 'Fernie'),
(596, 'Nova Scotia', 'Windsor'),
(597, 'Quebec', 'Notre-Dame-du-Mont-Carmel'),
(598, 'Quebec', 'Sainte-Martine'),
(599, 'British Columbia', 'Creston'),
(600, 'Quebec', 'Saint-Roch-de-l\'Achigan'),
(601, 'New Brunswick', 'Sussex'),
(602, 'Quebec', 'Saint-Pie'),
(603, 'Ontario', 'Ashfield-Colborne-Wawanosh'),
(604, 'Ontario', 'Trent Lakes'),
(605, 'British Columbia', 'Northern Rockies'),
(606, 'Ontario', 'Gananoque'),
(607, 'Quebec', 'Windsor'),
(608, 'British Columbia', 'Smithers'),
(609, 'New Brunswick', 'Tracadie'),
(610, 'Saskatchewan', 'Meadow Lake'),
(611, 'Ontario', 'Lanark Highlands'),
(612, 'New Brunswick', 'Sackville'),
(613, 'New Brunswick', 'Grand Falls'),
(614, 'British Columbia', 'Armstrong'),
(615, 'Ontario', 'Cochrane'),
(616, 'Saskatchewan', 'La Ronge'),
(617, 'Newfoundland and Labrador', 'Marystown'),
(618, 'Ontario', 'Sioux Lookout'),
(619, 'Alberta', 'Didsbury'),
(620, 'Newfoundland and Labrador', 'Deer Lake'),
(621, 'New Brunswick', 'Woodstock'),
(622, 'Saskatchewan', 'Flin Flon'),
(623, 'Manitoba', 'Brokenhead'),
(624, 'New Brunswick', 'Burton'),
(625, 'Quebec', 'Montreal-Ouest'),
(626, 'British Columbia', 'Spallumcheen'),
(627, 'Alberta', 'Westlock'),
(628, 'Quebec', 'Temiscouata-sur-le-Lac'),
(629, 'British Columbia', 'Osoyoos'),
(630, 'New Brunswick', 'Saint Marys'),
(631, 'Ontario', 'Hearst'),
(632, 'British Columbia', 'Metchosin'),
(633, 'Nova Scotia', 'Wolfville'),
(634, 'Ontario', 'Breslau'),
(635, 'Manitoba', 'Stonewall'),
(636, 'New Brunswick', 'Memramcook'),
(637, 'Quebec', 'Sainte-Anne-de-Bellevue'),
(638, 'Ontario', 'Stirling-Rawdon'),
(639, 'Quebec', 'Mont-Orford'),
(640, 'Manitoba', 'Ste. Anne'),
(641, 'Ontario', 'Espanola'),
(642, 'Ontario', 'West Elgin'),
(643, 'Manitoba', 'Flin Flon (Part)'),
(644, 'New Brunswick', 'Grand Bay-Westfield'),
(645, 'Ontario', 'East Ferris'),
(646, 'Manitoba', 'Neepawa'),
(647, 'Ontario', 'North Huron'),
(648, 'Quebec', 'Saint-Germain-de-Grantham'),
(649, 'Quebec', 'Saint-Cyrille-de-Wendover'),
(650, 'Quebec', 'Chisasibi'),
(651, 'Ontario', 'Southwold'),
(652, 'Quebec', 'Chertsey'),
(653, 'New Brunswick', 'Shippagan'),
(654, 'Quebec', 'Lanoraie'),
(655, 'Ontario', 'Centre Hastings'),
(656, 'New Brunswick', 'Coverdale'),
(657, 'Quebec', 'Warwick'),
(658, 'New Brunswick', 'Hanwell'),
(659, 'Quebec', 'Napierville'),
(660, 'Quebec', 'Waterloo'),
(661, 'Quebec', 'Saint-Joseph-de-Beauce'),
(662, 'Saskatchewan', 'White City'),
(663, 'Ontario', 'Lucan Biddulph'),
(664, 'Quebec', 'Berthierville'),
(665, 'Quebec', 'Riviere-Rouge'),
(666, 'Ontario', 'Greenstone'),
(667, 'Saskatchewan', 'Kindersley'),
(668, 'Quebec', 'Saint-Denis-de-Brompton'),
(669, 'Alberta', 'Jasper'),
(670, 'Alberta', 'Barrhead'),
(671, 'Saskatchewan', 'Melville'),
(672, 'Quebec', 'Amqui'),
(673, 'Quebec', 'Saint-Mathias-sur-Richelieu'),
(674, 'Ontario', 'Tyendinaga'),
(675, 'Ontario', 'Iroquois Falls'),
(676, 'Ontario', 'Havelock-Belmont-Methuen'),
(677, 'Manitoba', 'Cornwallis'),
(678, 'Quebec', 'Saint-Boniface'),
(679, 'British Columbia', 'Westbank'),
(680, 'Saskatchewan', 'Edenwold No. 158'),
(681, 'British Columbia', 'Cumberland'),
(682, 'Newfoundland and Labrador', 'Goulds'),
(683, 'British Columbia', 'Vanderhoof'),
(684, 'Quebec', 'Chateau-Richer'),
(685, 'New Brunswick', 'Saint Stephen'),
(686, 'Saskatchewan', 'Nipawin'),
(687, 'Saskatchewan', 'Battleford'),
(688, 'New Brunswick', 'Hampton'),
(689, 'Quebec', 'Montreal-Est'),
(690, 'Ontario', 'Central Frontenac'),
(691, 'Quebec', 'Saint-Antonin'),
(692, 'Quebec', 'Saint-Jean-de-Matha'),
(693, 'Manitoba', 'Headingley'),
(694, 'Ontario', 'Seguin'),
(695, 'New Brunswick', 'Beresford'),
(696, 'Quebec', 'La Pocatiere'),
(697, 'British Columbia', 'Bowen Island'),
(698, 'New Brunswick', 'Caraquet'),
(699, 'Manitoba', 'Altona'),
(700, 'Quebec', 'Roxton Pond'),
(701, 'Quebec', 'Saint-Etienne-des-Gres'),
(702, 'British Columbia', 'Grand Forks'),
(703, 'New Brunswick', 'New Maryland'),
(704, 'British Columbia', 'Port Hardy'),
(705, 'Quebec', 'Saint-Donat'),
(706, 'Ontario', 'Madawaska Valley'),
(707, 'Ontario', 'Deep River'),
(708, 'Ontario', 'Asphodel-Norwood'),
(709, 'Ontario', 'Red Lake'),
(710, 'Quebec', 'Metabetchouan-Lac-a-la-Croix'),
(711, 'Quebec', 'Maniwaki'),
(712, 'Alberta', 'Vermilion'),
(713, 'Ontario', 'Hastings Highlands'),
(714, 'Ontario', 'Prescott'),
(715, 'Alberta', 'Carstairs'),
(716, 'Quebec', 'Danville'),
(717, 'Newfoundland and Labrador', 'Channel-Port aux Basques'),
(718, 'Quebec', 'Lac-Etchemin'),
(719, 'Quebec', 'Saint-Jacques'),
(720, 'Manitoba', 'Swan River'),
(721, 'Nova Scotia', 'Stellarton'),
(722, 'Ontario', 'Northern Bruce Peninsula'),
(723, 'Quebec', 'L\'Islet-sur-Mer'),
(724, 'Quebec', 'Carleton-sur-Mer'),
(725, 'British Columbia', 'Sparwood'),
(726, 'Ontario', 'Casselman'),
(727, 'Quebec', 'Oka'),
(728, 'Ontario', 'Callander'),
(729, 'Ontario', 'Amaranth'),
(730, 'Ontario', 'Marmora and Lake'),
(731, 'Alberta', 'Raymond'),
(732, 'Quebec', 'Morin-Heights'),
(733, 'New Brunswick', 'Dundas'),
(734, 'New Brunswick', 'Simonds'),
(735, 'Quebec', 'Crabtree'),
(736, 'Ontario', 'Bancroft'),
(737, 'Quebec', 'Saint-Tite'),
(738, 'Ontario', 'Howick'),
(739, 'Ontario', 'Dutton/Dunwich'),
(740, 'Quebec', 'New Richmond'),
(741, 'Ontario', 'Perth South'),
(742, 'Alberta', 'Claresholm'),
(743, 'Quebec', 'Baie-d\'Urfe'),
(744, 'Ontario', 'Montague'),
(745, 'Quebec', 'Saint-Andre-Avellin'),
(746, 'Quebec', 'Saint-Ambroise-de-Kildare'),
(747, 'Quebec', 'East Angus'),
(748, 'British Columbia', 'Rossland'),
(749, 'British Columbia', 'Mackenzie'),
(750, 'British Columbia', 'Golden'),
(751, 'Quebec', 'Saint-Adolphe-d\'Howard'),
(752, 'Ontario', 'Warwick'),
(753, 'Ontario', 'Bonnechere Valley'),
(754, 'Alberta', 'Pincher Creek'),
(755, 'New Brunswick', 'Alnwick'),
(756, 'Quebec', 'Saint-Prosper'),
(757, 'Alberta', 'Crossfield'),
(758, 'Quebec', 'Ormstown'),
(759, 'Alberta', 'Cardston'),
(760, 'Manitoba', 'De Salaberry'),
(761, 'Alberta', 'Grande Cache'),
(762, 'Quebec', 'Saint-Agapit'),
(763, 'British Columbia', 'Fruitvale'),
(764, 'Quebec', 'Saint-Ambroise'),
(765, 'Nova Scotia', 'Westville'),
(766, 'Northwest Territories', 'Hay River'),
(767, 'Newfoundland and Labrador', 'Pasadena'),
(768, 'Quebec', 'Mistissini'),
(769, 'New Brunswick', 'Studholm'),
(770, 'Manitoba', 'Lorette'),
(771, 'Quebec', 'Saint-Faustin--Lac-Carre'),
(772, 'Ontario', 'Morris-Turnberry'),
(773, 'Newfoundland and Labrador', 'Placentia'),
(774, 'Quebec', 'Saint-Pascal'),
(775, 'Ontario', 'Mulmur'),
(776, 'Ontario', 'Blind River'),
(777, 'Quebec', 'Dunham'),
(778, 'Alberta', 'High Level'),
(779, 'Quebec', 'Havre-Saint-Pierre'),
(780, 'Quebec', 'Saint-Anselme'),
(781, 'Quebec', 'Trois-Pistoles'),
(782, 'Quebec', 'Grande-Riviere'),
(783, 'Quebec', 'Malartic'),
(784, 'Newfoundland and Labrador', 'Bonavista'),
(785, 'Saskatchewan', 'Prince Albert No. 461'),
(786, 'Quebec', 'Saint-Maurice'),
(787, 'Manitoba', 'Killarney - Turtle Mountain'),
(788, 'Manitoba', 'Woodlands'),
(789, 'Newfoundland and Labrador', 'Lewisporte'),
(790, 'British Columbia', 'Invermere'),
(791, 'Manitoba', 'Bifrost-Riverton'),
(792, 'Quebec', 'Ascot Corner'),
(793, 'Manitoba', 'Cartier'),
(794, 'Quebec', 'Fossambault-sur-le-Lac'),
(795, 'Quebec', 'Sainte-Anne-des-Lacs'),
(796, 'Quebec', 'Saint-Sulpice'),
(797, 'Alberta', 'Penhold'),
(798, 'Ontario', 'Powassan'),
(799, 'Ontario', 'Highlands East'),
(800, 'Quebec', 'Saint-Alphonse-de-Granby'),
(801, 'Quebec', 'Sainte-Claire'),
(802, 'New Brunswick', 'Bright'),
(803, 'British Columbia', 'Ellison'),
(804, 'Quebec', 'Perce'),
(805, 'Quebec', 'Saint-Jean-Port-Joli'),
(806, 'Ontario', 'East Hawkesbury'),
(807, 'Saskatchewan', 'Buckland No. 491'),
(808, 'Quebec', 'Saint-Andre-d\'Argenteuil'),
(809, 'Quebec', 'Saint-Come--Liniere'),
(810, 'Ontario', 'Marathon'),
(811, 'Quebec', 'Forestville'),
(812, 'Quebec', 'Compton'),
(813, 'Ontario', 'Shuniah'),
(814, 'Northwest Territories', 'Inuvik'),
(815, 'Quebec', 'Richmond'),
(816, 'British Columbia', 'Lake Cowichan'),
(817, 'Quebec', 'Saint-Gabriel-de-Valcartier'),
(818, 'Alberta', 'Gibbons'),
(819, 'Ontario', 'Sables-Spanish Rivers'),
(820, 'Manitoba', 'Hillsburg-Roblin-Shell River'),
(821, 'Nova Scotia', 'Port Hawkesbury'),
(822, 'Alberta', 'Three Hills'),
(823, 'New Brunswick', 'Kingston'),
(824, 'Quebec', 'Paspebiac'),
(825, 'Quebec', 'Saint-Thomas'),
(826, 'Quebec', 'Saint-Jean-Baptiste'),
(827, 'Quebec', 'Portneuf'),
(828, 'Nova Scotia', 'Pictou'),
(829, 'Saskatchewan', 'Tisdale'),
(830, 'Ontario', 'Lake of Bays'),
(831, 'Newfoundland and Labrador', 'Bishops Falls'),
(832, 'Manitoba', 'WestLake-Gladstone'),
(833, 'Quebec', 'Normandin'),
(834, 'Manitoba', 'Mitchell'),
(835, 'Quebec', 'Saint-Alphonse-Rodriguez'),
(836, 'Manitoba', 'Beausejour'),
(837, 'New Brunswick', 'Dalhousie'),
(838, 'Quebec', 'Val-Morin'),
(839, 'Manitoba', 'Lac du Bonnet'),
(840, 'Quebec', 'Clermont'),
(841, 'Manitoba', 'Virden'),
(842, 'Quebec', 'Saint-Christophe-d\'Arthabaska'),
(843, 'Quebec', 'Mont-Saint-Gregoire'),
(844, 'Quebec', 'Thurso'),
(845, 'New Brunswick', 'Wellington'),
(846, 'British Columbia', 'Cedar'),
(847, 'Quebec', 'Saint-Gabriel'),
(848, 'Ontario', 'Merrickville'),
(849, 'Quebec', 'Saint-Liboire'),
(850, 'Quebec', 'Degelis'),
(851, 'Manitoba', 'Morris'),
(852, 'Quebec', 'Saint-Alexis-des-Monts'),
(853, 'Quebec', 'Cap-Saint-Ignace'),
(854, 'Alberta', 'Fort Macleod'),
(855, 'British Columbia', 'Enderby'),
(856, 'Manitoba', 'Carman'),
(857, 'Quebec', 'Saint-Anaclet-de-Lessard'),
(858, 'Quebec', 'Stoke'),
(859, 'Ontario', 'Adelaide-Metcalfe'),
(860, 'Ontario', 'Melancthon'),
(861, 'Quebec', 'Cap Sante'),
(862, 'Quebec', 'Saint-David-de-Falardeau'),
(863, 'Newfoundland and Labrador', 'Harbour Grace'),
(864, 'British Columbia', 'Houston'),
(865, 'Newfoundland and Labrador', 'Springdale'),
(866, 'British Columbia', 'Pemberton'),
(867, 'Alberta', 'Athabasca'),
(868, 'Quebec', 'Saint-Ferreol-les-Neiges'),
(869, 'Ontario', 'Laurentian Hills'),
(870, 'Ontario', 'Grand Valley'),
(871, 'Quebec', 'Senneterre'),
(872, 'Quebec', 'Saint-Mathieu-de-Beloeil'),
(873, 'Quebec', 'Sainte-Marie-Madeleine'),
(874, 'Ontario', 'Admaston/Bromley'),
(875, 'Ontario', 'North Algona Wilberforce'),
(876, 'British Columbia', 'Errington'),
(877, 'Ontario', 'Wawa'),
(878, 'Quebec', 'Sainte-Melanie'),
(879, 'Ontario', 'Horton'),
(880, 'Quebec', 'Saint-Paul-d\'Abbotsford'),
(881, 'Quebec', 'Saint-Michel'),
(882, 'Newfoundland and Labrador', 'Botwood'),
(883, 'Alberta', 'Coalhurst'),
(884, 'Quebec', 'Saint-Marc-des-Carrieres'),
(885, 'Quebec', 'Stanstead'),
(886, 'Quebec', 'Sainte-Anne-de-Beaupre'),
(887, 'Quebec', 'Sainte-Luce'),
(888, 'Quebec', 'Saint-Joseph-de-Sorel'),
(889, 'Nunavut', 'Rankin Inlet'),
(890, 'New Brunswick', 'Kingsclear'),
(891, 'British Columbia', 'Princeton'),
(892, 'Saskatchewan', 'La Loche'),
(893, 'Quebec', 'Ferme-Neuve'),
(894, 'Quebec', 'Yamachiche'),
(895, 'Quebec', 'Adstock'),
(896, 'British Columbia', 'Cowichan Bay'),
(897, 'Saskatchewan', 'Vanscoy No. 345'),
(898, 'Ontario', 'Enniskillen'),
(899, 'British Columbia', 'Royston'),
(900, 'Quebec', 'Bonaventure'),
(901, 'Quebec', 'Pohenegamook'),
(902, 'Quebec', 'Saint-Isidore'),
(903, 'New Brunswick', 'Wakefield'),
(904, 'Nunavut', 'Arviat'),
(905, 'Quebec', 'Sainte-Marguerite-du-Lac-Masson'),
(906, 'Quebec', 'Saint-Prime'),
(907, 'Quebec', 'Kuujjuaq'),
(908, 'Ontario', 'Atikokan'),
(909, 'Quebec', 'Grenville-sur-la-Rouge'),
(910, 'Manitoba', 'North Cypress-Langford'),
(911, 'Quebec', 'Saint-Dominique'),
(912, 'Quebec', 'Macamic'),
(913, 'Quebec', 'Sainte-Anne-de-Sorel'),
(914, 'Alberta', 'Sundre'),
(915, 'Quebec', 'Rougemont'),
(916, 'Quebec', 'Piedmont'),
(917, 'Alberta', 'Grimshaw'),
(918, 'Quebec', 'Lac-des-Ecorces'),
(919, 'Ontario', 'Markstay'),
(920, 'Ontario', 'Northeastern Manitoulin and the Islands'),
(921, 'Saskatchewan', 'Pelican Narrows'),
(922, 'Ontario', 'McDougall'),
(923, 'Alberta', 'Black Diamond'),
(924, 'Quebec', 'Saint-Pamphile'),
(925, 'Quebec', 'Bedford'),
(926, 'Quebec', 'Weedon-Centre'),
(927, 'Quebec', 'Lacolle'),
(928, 'Quebec', 'Saint-Gabriel-de-Brandon'),
(929, 'Quebec', 'Huntingdon'),
(930, 'Ontario', 'French River / Riviere des Francais'),
(931, 'Newfoundland and Labrador', 'Spaniards Bay'),
(932, 'New Brunswick', 'Cocagne'),
(933, 'Saskatchewan', 'Pilot Butte'),
(934, 'Quebec', 'Saint-Bruno'),
(935, 'Quebec', 'Laurier-Station'),
(936, 'Quebec', 'Saint-Anicet'),
(937, 'Quebec', 'Cap-Chat'),
(938, 'Alberta', 'Sexsmith'),
(939, 'Quebec', 'Notre-Dame-de-Lourdes'),
(940, 'Quebec', 'Ville-Marie'),
(941, 'Quebec', 'Wickham'),
(942, 'New Brunswick', 'Shippegan'),
(943, 'Ontario', 'East Garafraxa'),
(944, 'Saskatchewan', 'Unity'),
(945, 'Alberta', 'Rimbey'),
(946, 'Alberta', 'High Prairie'),
(947, 'Alberta', 'Turner Valley'),
(948, 'Alberta', 'Hanna'),
(949, 'Quebec', 'Neuville'),
(950, 'Northwest Territories', 'Fort Smith'),
(951, 'Quebec', 'Maria'),
(952, 'Quebec', 'Saint-Chrysostome'),
(953, 'Ontario', 'Greater Madawaska'),
(954, 'Nova Scotia', 'Berwick'),
(955, 'Quebec', 'Saint-Damase'),
(956, 'Quebec', 'Disraeli'),
(957, 'Saskatchewan', 'Meadow Lake No. 588'),
(958, 'British Columbia', 'Elkford'),
(959, 'Ontario', 'Georgian Bay'),
(960, 'Quebec', 'Saint-Alexandre'),
(961, 'Quebec', 'Herbertville'),
(962, 'Saskatchewan', 'Moosomin'),
(963, 'British Columbia', 'Highlands'),
(964, 'Ontario', 'North Kawartha'),
(965, 'Quebec', 'Sainte-Thecle'),
(966, 'Quebec', 'Fermont'),
(967, 'Saskatchewan', 'Esterhazy'),
(968, 'Newfoundland and Labrador', 'Holyrood'),
(969, 'Quebec', 'La Presentation'),
(970, 'Alberta', 'Beaverlodge'),
(971, 'Quebec', 'Sainte-Catherine-de-Hatley'),
(972, 'Quebec', 'Saint-Basile'),
(973, 'Quebec', 'Saint-Raphael'),
(974, 'Quebec', 'Saint-Martin'),
(975, 'Quebec', 'Causapscal'),
(976, 'Quebec', 'Brigham'),
(977, 'Quebec', 'Sainte-Victoire-de-Sorel'),
(978, 'Ontario', 'Perry'),
(979, 'Quebec', 'Port-Daniel--Gascons'),
(980, 'Saskatchewan', 'Rosetown'),
(981, 'Manitoba', 'Minnedosa'),
(982, 'Quebec', 'Labelle'),
(983, 'New Brunswick', 'Lincoln'),
(984, 'Ontario', 'Black River-Matheson'),
(985, 'Quebec', 'Saint-Michel-des-Saints'),
(986, 'Manitoba', 'Dufferin'),
(987, 'Quebec', 'Saint-Victor'),
(988, 'British Columbia', 'Sicamous'),
(989, 'New Brunswick', 'Cap Pele'),
(990, 'Manitoba', 'Kelsey'),
(991, 'Ontario', 'Killaloe, Hagarty and Richards'),
(992, 'Ontario', 'Alvinston'),
(993, 'Nova Scotia', 'Trenton'),
(994, 'Nova Scotia', 'Lunenburg'),
(995, 'Quebec', 'Saint-Ephrem-de-Beauce'),
(996, 'British Columbia', 'Chase'),
(997, 'Quebec', 'Lery'),
(998, 'Saskatchewan', 'Assiniboia'),
(999, 'British Columbia', 'Tumbler Ridge'),
(1000, 'New Brunswick', 'Salisbury'),
(1001, 'Quebec', 'Temiscaming'),
(1002, 'Alberta', 'Magrath'),
(1003, 'Quebec', 'Sainte-Genevieve-de-Berthier'),
(1004, 'Newfoundland and Labrador', 'Logy Bay-Middle Cove-Outer Cove'),
(1005, 'New Brunswick', 'Buctouche'),
(1006, 'New Brunswick', 'Grand Manan'),
(1007, 'Quebec', 'Sainte-Madeleine'),
(1008, 'British Columbia', 'Anmore'),
(1009, 'Quebec', 'Sainte-Croix'),
(1010, 'Ontario', 'Algonquin Highlands'),
(1011, 'Quebec', 'Valcourt'),
(1012, 'Manitoba', 'Gimli'),
(1013, 'New Brunswick', 'Saint George'),
(1014, 'Quebec', 'Saint-Mathieu'),
(1015, 'New Brunswick', 'Paquetville'),
(1016, 'British Columbia', 'Clearwater'),
(1017, 'Ontario', 'Addington Highlands'),
(1018, 'British Columbia', 'Lillooet'),
(1019, 'Newfoundland and Labrador', 'Burin'),
(1020, 'Newfoundland and Labrador', 'Grand Bank'),
(1021, 'Quebec', 'Waterville'),
(1022, 'New Brunswick', 'Minto'),
(1023, 'Saskatchewan', 'Rosthern No. 403'),
(1024, 'Quebec', 'Mansfield-et-Pontefract'),
(1025, 'Quebec', 'Saint-Denis'),
(1026, 'Quebec', 'Gore'),
(1027, 'Saskatchewan', 'Outlook'),
(1028, 'Quebec', 'Saint-Gedeon-de-Beauce'),
(1029, 'Quebec', 'Saint-Leonard-d\'Aston'),
(1030, 'Quebec', 'Fort-Coulonge'),
(1031, 'Quebec', 'Albanel'),
(1032, 'Newfoundland and Labrador', 'St. Anthony'),
(1033, 'Quebec', 'Pessamit'),
(1034, 'British Columbia', 'Logan Lake'),
(1035, 'Quebec', 'Maskinonge'),
(1036, 'Quebec', 'Saint-Charles-de-Bellechasse'),
(1037, 'Newfoundland and Labrador', 'Fogo Island'),
(1038, 'Ontario', 'Neebing'),
(1039, 'British Columbia', 'Port McNeill'),
(1040, 'Quebec', 'Hatley'),
(1041, 'Quebec', 'East Broughton'),
(1042, 'Quebec', 'Saint-Polycarpe'),
(1043, 'Quebec', 'Deschambault'),
(1044, 'Saskatchewan', 'Canora'),
(1045, 'New Brunswick', 'Upper Miramichi'),
(1046, 'British Columbia', 'Tofino'),
(1047, 'New Brunswick', 'Hardwicke'),
(1048, 'Quebec', 'Wendake'),
(1049, 'Quebec', 'Saint-Come'),
(1050, 'Quebec', 'Waskaganish'),
(1051, 'Newfoundland and Labrador', 'Twillingate'),
(1052, 'New Brunswick', 'Saint-Quentin'),
(1053, 'Quebec', 'Lebel-sur-Quevillon'),
(1054, 'Alberta', 'Calmar'),
(1055, 'Alberta', 'Nanton'),
(1056, 'Quebec', 'Pierreville'),
(1057, 'Newfoundland and Labrador', 'New-Wes-Valley'),
(1058, 'New Brunswick', 'Pennfield Ridge'),
(1059, 'New Brunswick', 'Northesk'),
(1060, 'Manitoba', 'West Interlake'),
(1061, 'Saskatchewan', 'Biggar'),
(1062, 'New Brunswick', 'Kent'),
(1063, 'Saskatchewan', 'Maple Creek'),
(1064, 'Newfoundland and Labrador', 'Wabana'),
(1065, 'Ontario', 'Bonfield'),
(1066, 'Quebec', 'Saint-Gilles'),
(1067, 'Quebec', 'Saint-Bernard'),
(1068, 'Quebec', 'Sainte-Cecile-de-Milton'),
(1069, 'Quebec', 'Saint-Roch-de-Richelieu'),
(1070, 'British Columbia', 'Burns Lake'),
(1071, 'Alberta', 'Redwater'),
(1072, 'Quebec', 'Saint-Nazaire'),
(1073, 'New Brunswick', 'Westfield Beach'),
(1074, 'British Columbia', 'Saltair'),
(1075, 'Quebec', 'Saint-Elzear'),
(1076, 'Quebec', 'Hinchinbrooke'),
(1077, 'Saskatchewan', 'Dundurn No. 314'),
(1078, 'Quebec', 'Saint-Francois-Xavier-de-Brompton'),
(1079, 'Quebec', 'Papineauville'),
(1080, 'Manitoba', 'Prairie View'),
(1081, 'Quebec', 'Saint-Ignace-de-Loyola'),
(1082, 'Ontario', 'Central Manitoulin'),
(1083, 'Newfoundland and Labrador', 'Glovertown'),
(1084, 'Alberta', 'Tofield'),
(1085, 'Ontario', 'Madoc'),
(1086, 'Quebec', 'Sainte-Anne-de-Sabrevois'),
(1087, 'Quebec', 'Sainte-Anne-de-la-Perade'),
(1088, 'Quebec', 'Saint-Damien-de-Buckland'),
(1089, 'Nunavut', 'Baker Lake'),
(1090, 'Quebec', 'Saint-Ferdinand'),
(1091, 'Newfoundland and Labrador', 'Pouch Cove'),
(1092, 'Saskatchewan', 'Britannia No. 502'),
(1093, 'Quebec', 'Saint-Fulgence'),
(1094, 'Nova Scotia', 'Digby'),
(1095, 'Quebec', 'Manouane'),
(1096, 'Quebec', 'Saint-Gervais'),
(1097, 'Quebec', 'Saint-Alexandre-de-Kamouraska'),
(1098, 'Quebec', 'Saint-Marc-sur-Richelieu'),
(1099, 'Quebec', 'Mandeville'),
(1100, 'Quebec', 'Caplan'),
(1101, 'New Brunswick', 'Allardville'),
(1102, 'Quebec', 'Saint-Damien'),
(1103, 'Quebec', 'Lac-Nominingue'),
(1104, 'Quebec', 'Obedjiwan'),
(1105, 'Saskatchewan', 'Rama'),
(1106, 'Manitoba', 'Deloraine-Winchester'),
(1107, 'Manitoba', 'Oakland-Wawanesa'),
(1108, 'Manitoba', 'Brenda-Waskada'),
(1109, 'Manitoba', 'Russell-Binscarth'),
(1110, 'Manitoba', 'Ellice-Archie'),
(1111, 'Manitoba', 'Souris-Glenwood'),
(1112, 'Manitoba', 'Riverdale'),
(1113, 'Manitoba', 'Pembina'),
(1114, 'Manitoba', 'Wallace-Woodworth'),
(1115, 'Manitoba', 'Lorne'),
(1116, 'Manitoba', 'Yellowhead'),
(1117, 'Manitoba', 'Swan Valley West'),
(1118, 'Manitoba', 'Grey'),
(1119, 'Manitoba', 'Gilbert Plains'),
(1120, 'Manitoba', 'Norfolk-Treherne'),
(1121, 'Manitoba', 'Emerson-Franklin'),
(1122, 'Manitoba', 'Sifton'),
(1123, 'Manitoba', 'Grassland'),
(1124, 'Manitoba', 'Louise'),
(1125, 'Manitoba', 'Ste. Rose'),
(1126, 'Manitoba', 'Cartwright-Roblin'),
(1127, 'Manitoba', 'Mossey River'),
(1128, 'Manitoba', 'Lakeshore'),
(1129, 'Manitoba', 'Riding Mountain West'),
(1130, 'Manitoba', 'Clanwilliam-Erickson'),
(1131, 'Manitoba', 'Glenboro-South Cypress'),
(1132, 'Manitoba', 'North Norfolk'),
(1133, 'Manitoba', 'Reinland'),
(1134, 'Manitoba', 'Minitonas-Bowsman'),
(1135, 'Newfoundland and Labrador', 'Kippens'),
(1136, 'Quebec', 'Saint-Gedeon'),
(1137, 'British Columbia', 'Lumby'),
(1138, 'Quebec', 'Kingsey Falls'),
(1139, 'Alberta', 'Provost'),
(1140, 'New Brunswick', 'Saint-Charles'),
(1141, 'Saskatchewan', 'Swift Current No. 137'),
(1142, 'Ontario', 'Mattawa'),
(1143, 'Saskatchewan', 'Blucher'),
(1144, 'Quebec', 'L\'Ascension-de-Notre-Seigneur'),
(1145, 'Alberta', 'Bow Island'),
(1146, 'Quebec', 'Barraute'),
(1147, 'British Columbia', 'One Hundred Mile House'),
(1148, 'Quebec', 'Saint-Liguori'),
(1149, 'New Brunswick', 'Saint Mary'),
(1150, 'Quebec', 'Saint-Patrice-de-Sherrington'),
(1151, 'Alberta', 'Fox Creek'),
(1152, 'Saskatchewan', 'Lumsden No. 189'),
(1153, 'Ontario', 'Dawn-Euphemia'),
(1154, 'Ontario', 'Chapleau'),
(1155, 'Quebec', 'Saint-Esprit'),
(1156, 'Prince Edward Island', 'Montague'),
(1157, 'Quebec', 'Mashteuiatsh'),
(1158, 'Quebec', 'Saint-Francois-du-Lac'),
(1159, 'New Brunswick', 'Petit Rocher'),
(1160, 'New Brunswick', 'Eel River Crossing'),
(1161, 'Alberta', 'Millet'),
(1162, 'British Columbia', 'Ucluelet'),
(1163, 'Quebec', 'Vallee-Jonction'),
(1164, 'Ontario', 'Manitouwadge'),
(1165, 'Ontario', 'Wellington'),
(1166, 'Ontario', 'Frontenac Islands'),
(1167, 'Ontario', 'Point Edward'),
(1168, 'Alberta', 'Picture Butte'),
(1169, 'New Brunswick', 'Manners Sutton'),
(1170, 'Saskatchewan', 'Fort Qu\'Appelle'),
(1171, 'Alberta', 'Vulcan'),
(1172, 'British Columbia', 'Chetwynd'),
(1173, 'Saskatchewan', 'Indian Head'),
(1174, 'Newfoundland and Labrador', 'Wabush'),
(1175, 'Quebec', 'Saint-Fabien'),
(1176, 'British Columbia', 'Harrison Hot Springs'),
(1177, 'Saskatchewan', 'Watrous'),
(1178, 'Ontario', 'North Frontenac'),
(1179, 'Quebec', 'Lac-Superieur'),
(1180, 'Quebec', 'Les Escoumins'),
(1181, 'New Brunswick', 'Richibucto'),
(1182, 'Quebec', 'Terrasse-Vaudreuil'),
(1183, 'Quebec', 'Riviere-Beaudette'),
(1184, 'Saskatchewan', 'Orkney No. 244'),
(1185, 'Quebec', 'Saint-Barthelemy'),
(1186, 'Ontario', 'Komoka'),
(1187, 'British Columbia', 'Nisga\'a'),
(1188, 'Quebec', 'Austin'),
(1189, 'Quebec', 'Saint-Paul-de-l\'Ile-aux-Noix'),
(1190, 'Northwest Territories', 'Behchoko'),
(1191, 'Quebec', 'Saint-Cyprien-de-Napierville'),
(1192, 'Alberta', 'Valleyview'),
(1193, 'Quebec', 'Deleage'),
(1194, 'Quebec', 'Potton'),
(1195, 'Quebec', 'Sainte-Beatrix'),
(1196, 'Quebec', 'Saint-Georges-de-Cacouna'),
(1197, 'British Columbia', 'Lakeview'),
(1198, 'Quebec', 'Sainte-Justine'),
(1199, 'Quebec', 'Saint-Valerien-de-Milton'),
(1200, 'Quebec', 'Saint-Cuthbert'),
(1201, 'Quebec', 'Saint-Blaise-sur-Richelieu'),
(1202, 'Nova Scotia', 'Middleton'),
(1203, 'Saskatchewan', 'Kamsack'),
(1204, 'Manitoba', 'Carberry'),
(1205, 'Quebec', 'Saint-Joseph-de-Coleraine'),
(1206, 'Newfoundland and Labrador', 'Trinity Bay North'),
(1207, 'Quebec', 'Pointe-Lebel'),
(1208, 'Quebec', 'Grenville'),
(1209, 'Quebec', 'Saint-Michel-de-Bellechasse'),
(1210, 'Quebec', 'Sainte-Angele-de-Monnoir'),
(1211, 'Quebec', 'Champlain'),
(1212, 'Quebec', 'Sacre-Coeur-Saguenay'),
(1213, 'New Brunswick', 'Saint-Louis'),
(1214, 'Quebec', 'Saint-Lucien'),
(1215, 'Newfoundland and Labrador', 'Victoria'),
(1216, 'Saskatchewan', 'Lumsden'),
(1217, 'Quebec', 'Saint-Robert'),
(1218, 'Manitoba', 'Armstrong'),
(1219, 'British Columbia', 'Keremeos'),
(1220, 'Saskatchewan', 'Regina Beach'),
(1221, 'Quebec', 'La Guadeloupe'),
(1222, 'Quebec', 'Sutton'),
(1223, 'New Brunswick', 'Saint Andrews'),
(1224, 'Quebec', 'Saint-Placide'),
(1225, 'Manitoba', 'Grunthal'),
(1226, 'Quebec', 'Povungnituk'),
(1227, 'Quebec', 'Pointe-des-Cascades'),
(1228, 'Ontario', 'Deseronto'),
(1229, 'Alberta', 'Lamont'),
(1230, 'Quebec', 'Chambord'),
(1231, 'New Brunswick', 'Maugerville'),
(1232, 'Quebec', 'Dudswell'),
(1233, 'Ontario', 'Nipissing'),
(1234, 'Saskatchewan', 'Shaunavon'),
(1235, 'Saskatchewan', 'Wynyard'),
(1236, 'Nunavut', 'Cambridge Bay'),
(1237, 'Saskatchewan', 'Dalmeny'),
(1238, 'Quebec', 'Saint-Narcisse'),
(1239, 'Quebec', 'Waswanipi'),
(1240, 'Quebec', 'Inukjuak'),
(1241, 'Saskatchewan', 'Balgonie'),
(1242, 'Manitoba', 'Piney'),
(1243, 'British Columbia', 'Warfield'),
(1244, 'Quebec', 'Saint-Zacharie'),
(1245, 'Quebec', 'Hemmingford'),
(1246, 'Quebec', 'Saint-Pierre-de-l\'Ile-d\'Orleans'),
(1247, 'Prince Edward Island', 'Kensington'),
(1248, 'Nova Scotia', 'Shelburne'),
(1249, 'Quebec', 'Saint-Clet'),
(1250, 'Manitoba', 'Blumenort'),
(1251, 'New Brunswick', 'Brighton'),
(1252, 'New Brunswick', 'Saint-Antoine'),
(1253, 'New Brunswick', 'Northampton'),
(1254, 'Newfoundland and Labrador', 'Flat Rock'),
(1255, 'Quebec', 'Saint-Ours'),
(1256, 'Newfoundland and Labrador', 'Stephenville Crossing'),
(1257, 'Quebec', 'Sainte-Anne-de-la-Pocatiere'),
(1258, 'British Columbia', 'Popkum'),
(1259, 'Quebec', 'Notre-Dame-du-Bon-Conseil'),
(1260, 'Manitoba', 'Fisher'),
(1261, 'Quebec', 'Sainte-Clotilde'),
(1262, 'Nova Scotia', 'Lantz'),
(1263, 'New Brunswick', 'Wicklow'),
(1264, 'Quebec', 'Nouvelle'),
(1265, 'Manitoba', 'Wasagamack'),
(1266, 'Saskatchewan', 'Rosthern'),
(1267, 'Quebec', 'Yamaska'),
(1268, 'New Brunswick', 'Neguac'),
(1269, 'Quebec', 'Saint-Antoine-de-Tilly'),
(1270, 'Nunavut', 'Igloolik'),
(1271, 'Manitoba', 'Whitehead'),
(1272, 'Quebec', 'Saint-Elie-de-Caxton'),
(1273, 'New Brunswick', 'Balmoral'),
(1274, 'Quebec', 'Price'),
(1275, 'Manitoba', 'Rosedale'),
(1276, 'Quebec', 'Saint-Jacques-le-Mineur'),
(1277, 'British Columbia', 'Coombs'),
(1278, 'Quebec', 'Val-Joli'),
(1279, 'New Brunswick', 'Southesk'),
(1280, 'Ontario', 'Huron Shores'),
(1281, 'Quebec', 'Saint-Antoine-sur-Richelieu'),
(1282, 'Quebec', 'Saint-Pacome'),
(1283, 'Quebec', 'Saint-Stanislas-de-Kostka'),
(1284, 'New Brunswick', 'Saint-Jacques'),
(1285, 'Quebec', 'Frontenac'),
(1286, 'Manitoba', 'Stuartburn'),
(1287, 'Quebec', 'Sainte-Emelie-de-l\'Energie'),
(1288, 'Quebec', 'Saint-Charles-sur-Richelieu'),
(1289, 'Ontario', 'Nipigon'),
(1290, 'Newfoundland and Labrador', 'Witless Bay'),
(1291, 'Quebec', 'Sainte-Helene-de-Bagot'),
(1292, 'Quebec', 'Franklin Centre'),
(1293, 'Newfoundland and Labrador', 'Harbour Breton'),
(1294, 'Quebec', 'Mille-Isles'),
(1295, 'British Columbia', 'Naramata'),
(1296, 'Quebec', 'Lyster'),
(1297, 'Manitoba', 'Oakview'),
(1298, 'Manitoba', 'Harrison Park'),
(1299, 'Nunavut', 'Pond Inlet'),
(1300, 'Quebec', 'Sainte-Clotilde-de-Horton'),
(1301, 'Ontario', 'Burford'),
(1302, 'Quebec', 'Saint-Benoit-Labre'),
(1303, 'Ontario', 'Terrace Bay'),
(1304, 'Quebec', 'Maliotenam'),
(1305, 'Quebec', 'Chapais'),
(1306, 'Quebec', 'Saint-Honore-de-Shenley'),
(1307, 'Quebec', 'Cleveland'),
(1308, 'Quebec', 'Messines'),
(1309, 'Quebec', 'Saint-Laurent-de-l\'Ile-d\'Orleans'),
(1310, 'Quebec', 'Saint-Jean-de-Dieu'),
(1311, 'Newfoundland and Labrador', 'Massey Drive'),
(1312, 'British Columbia', 'Nakusp'),
(1313, 'New Brunswick', 'Florenceville'),
(1314, 'Quebec', 'Larouche'),
(1315, 'British Columbia', 'Fort St. James'),
(1316, 'Quebec', 'Saint-Francois-de-la-Riviere-du-Sud'),
(1317, 'Alberta', 'Wabasca'),
(1318, 'British Columbia', 'Hilliers'),
(1319, 'New Brunswick', 'Perth'),
(1320, 'Quebec', 'Eeyou Istchee Baie-James'),
(1321, 'Saskatchewan', 'Shellbrook No. 493'),
(1322, 'Quebec', 'Shawville'),
(1323, 'Quebec', 'Lambton'),
(1324, 'Quebec', 'Saint-Flavien'),
(1325, 'Manitoba', 'Boissevain'),
(1326, 'Quebec', 'Sainte-Marcelline-de-Kildare'),
(1327, 'Quebec', 'Riviere-Blanche'),
(1328, 'Newfoundland and Labrador', 'Bay Bulls'),
(1329, 'Quebec', 'Saint-Felix-de-Kingsey'),
(1330, 'Newfoundland and Labrador', 'Upper Island Cove'),
(1331, 'Quebec', 'Sainte-Elisabeth'),
(1332, 'British Columbia', 'Ashcroft'),
(1333, 'Newfoundland and Labrador', 'Clarkes Beach'),
(1334, 'Nova Scotia', 'Falmouth'),
(1335, 'Quebec', 'Uashat'),
(1336, 'Quebec', 'Saint-Bernard-de-Lacolle'),
(1337, 'New Brunswick', 'Saint-Joseph'),
(1338, 'New Brunswick', 'Belledune'),
(1339, 'Quebec', 'Saint-Guillaume'),
(1340, 'Quebec', 'Venise-en-Quebec'),
(1341, 'Newfoundland and Labrador', 'Gambo'),
(1342, 'New Brunswick', 'Nauwigewauk'),
(1343, 'Newfoundland and Labrador', 'Humbermouth'),
(1344, 'Alberta', 'Springbrook'),
(1345, 'Quebec', 'Saint-Paulin'),
(1346, 'New Brunswick', 'Glenelg'),
(1347, 'New Brunswick', 'Saint David'),
(1348, 'Quebec', 'Saint-Albert'),
(1349, 'Quebec', 'Matagami'),
(1350, 'British Columbia', 'Grindrod'),
(1351, 'New Brunswick', 'Springfield'),
(1352, 'Quebec', 'Amherst'),
(1353, 'Saskatchewan', 'Carlyle'),
(1354, 'Quebec', 'Notre-Dame-du-Laus'),
(1355, 'Saskatchewan', 'Langham'),
(1356, 'New Brunswick', 'St. George'),
(1357, 'Alberta', 'Wembley'),
(1358, 'Ontario', 'Macdonald, Meredith and Aberdeen Additio'),
(1359, 'Manitoba', 'Pinawa'),
(1360, 'British Columbia', 'Windermere'),
(1361, 'Quebec', 'Saint-Tite-des-Caps'),
(1362, 'Saskatchewan', 'Hudson Bay'),
(1363, 'Ontario', 'Brudenell, Lyndoch and Raglan'),
(1364, 'British Columbia', 'Gold River'),
(1365, 'Quebec', 'Saint-Casimir'),
(1366, 'British Columbia', 'Dunsmuir'),
(1367, 'Saskatchewan', 'Frenchman Butte'),
(1368, 'New Brunswick', 'Gordon'),
(1369, 'Quebec', 'Saint-Malachie'),
(1370, 'New Brunswick', 'Southampton'),
(1371, 'Quebec', 'Salluit'),
(1372, 'Nunavut', 'Pangnirtung'),
(1373, 'Quebec', 'Saint-Louis-de-Gonzague'),
(1374, 'Ontario', 'Moosonee'),
(1375, 'Ontario', 'Englehart'),
(1376, 'Quebec', 'Saint-Urbain'),
(1377, 'Quebec', 'Tring-Jonction'),
(1378, 'Saskatchewan', 'Wilton No. 472'),
(1379, 'New Brunswick', 'Denmark'),
(1380, 'Quebec', 'Saint-Joachim'),
(1381, 'Saskatchewan', 'Torch River No. 488'),
(1382, 'Quebec', 'Saint-Theodore-d\'Acton'),
(1383, 'Quebec', 'L\' Isle-Verte'),
(1384, 'Quebec', 'Palmarolle'),
(1385, 'Alberta', 'Bon Accord'),
(1386, 'New Brunswick', 'Sussex Corner'),
(1387, 'Quebec', 'Saint-Odilon-de-Cranbourne'),
(1388, 'Manitoba', 'Pipestone'),
(1389, 'Quebec', 'La Dore'),
(1390, 'Quebec', 'Lac-au-Saumon'),
(1391, 'Quebec', 'Wotton'),
(1392, 'Manitoba', 'Prairie Lakes'),
(1393, 'Alberta', 'Elk Point'),
(1394, 'Manitoba', 'St. Francois Xavier'),
(1395, 'Saskatchewan', 'Shellbrook'),
(1396, 'Quebec', 'Wemindji'),
(1397, 'Nunavut', 'Cape Dorset'),
(1398, 'Ontario', 'Strong'),
(1399, 'Alberta', 'Nobleford'),
(1400, 'Ontario', 'Lappe'),
(1401, 'Quebec', 'Pointe-aux-Outardes'),
(1402, 'Quebec', 'Riviere-Heva'),
(1403, 'Quebec', 'Scott'),
(1404, 'Quebec', 'Godmanchester'),
(1405, 'Saskatchewan', 'Macklin'),
(1406, 'Ontario', 'Armour'),
(1407, 'Quebec', 'Saint-Simon'),
(1408, 'Quebec', 'Tingwick'),
(1409, 'Quebec', 'Saint-Aubert'),
(1410, 'Quebec', 'Saint-Mathieu-du-Parc'),
(1411, 'Quebec', 'Saint-Ubalde'),
(1412, 'Saskatchewan', 'Creighton'),
(1413, 'Ontario', 'Faraday'),
(1414, 'Quebec', 'Berthier-sur-Mer'),
(1415, 'Ontario', 'Bayfield'),
(1416, 'Quebec', 'Frampton'),
(1417, 'British Columbia', 'Barriere'),
(1418, 'Quebec', 'Chute-aux-Outardes'),
(1419, 'British Columbia', 'Lions Bay'),
(1420, 'Quebec', 'New Carlisle'),
(1421, 'Saskatchewan', 'Laird No. 404'),
(1422, 'Quebec', 'Saint-Majorique-de-Grantham'),
(1423, 'New Brunswick', 'Petitcodiac'),
(1424, 'Saskatchewan', 'Canwood No. 494'),
(1425, 'Quebec', 'Wentworth-Nord'),
(1426, 'New Brunswick', 'Bas Caraquet'),
(1427, 'Alberta', 'Two Hills'),
(1428, 'Quebec', 'Sainte-Ursule'),
(1429, 'Yukon', 'Dawson'),
(1430, 'Quebec', 'Nantes'),
(1431, 'Quebec', 'Lac-aux-Sables'),
(1432, 'Nova Scotia', 'Stewiacke'),
(1433, 'Quebec', 'Vaudreuil-sur-le-Lac'),
(1434, 'Manitoba', 'Grahamdale'),
(1435, 'New Brunswick', 'Upham'),
(1436, 'Ontario', 'St.-Charles'),
(1437, 'New Brunswick', 'Cardwell'),
(1438, 'Quebec', 'Amulet'),
(1439, 'Quebec', 'L\'Avenir'),
(1440, 'New Brunswick', 'Hillsborough'),
(1441, 'Saskatchewan', 'Spiritwood No. 496'),
(1442, 'Quebec', 'Pointe-a-la-Croix'),
(1443, 'Quebec', 'Herouxville'),
(1444, 'New Brunswick', 'Weldford'),
(1445, 'Manitoba', 'Reynolds'),
(1446, 'Manitoba', 'St. Laurent'),
(1447, 'Quebec', 'L\'Isle-aux-Allumettes'),
(1448, 'Ontario', 'Emo'),
(1449, 'Quebec', 'Sainte-Brigide-d\'Iberville'),
(1450, 'Quebec', 'Les Eboulements'),
(1451, 'Ontario', 'Smooth Rock Falls'),
(1452, 'Alberta', 'Bruederheim'),
(1453, 'Saskatchewan', 'Oxbow'),
(1454, 'British Columbia', 'Telkwa'),
(1455, 'Manitoba', 'Landmark'),
(1456, 'New Brunswick', 'Norton'),
(1457, 'Nunavut', 'Gjoa Haven'),
(1458, 'Quebec', 'Sainte-Barbe'),
(1459, 'Alberta', 'Mayerthorpe'),
(1460, 'British Columbia', 'Ootischenia'),
(1461, 'Quebec', 'Saint-Louis-du-Ha! Ha!'),
(1462, 'British Columbia', 'Taylor'),
(1463, 'Manitoba', 'Powerview-Pine Falls'),
(1464, 'Quebec', 'Ragueneau'),
(1465, 'Newfoundland and Labrador', 'Baie Verte'),
(1466, 'Ontario', 'Chisholm'),
(1467, 'Quebec', 'Saint-Edouard'),
(1468, 'New Brunswick', 'Charlo'),
(1469, 'British Columbia', 'Sorrento');
INSERT INTO `place_of_supply_tbl` (`place_of_supply_id`, `provinces`, `cities`) VALUES
(1470, 'Newfoundland and Labrador', 'Burgeo'),
(1471, 'Saskatchewan', 'Wadena'),
(1472, 'Manitoba', 'St-Pierre-Jolys'),
(1473, 'New Brunswick', 'Richmond'),
(1474, 'British Columbia', 'Youbou'),
(1475, 'Alberta', 'Swan Hills'),
(1476, 'Saskatchewan', 'Wilkie'),
(1477, 'New Brunswick', 'Saint-Leonard'),
(1478, 'Quebec', 'Riviere-Bleue'),
(1479, 'Quebec', 'Noyan'),
(1480, 'Quebec', 'Notre-Dame-du-Portage'),
(1481, 'Saskatchewan', 'Ile-a-la-Crosse'),
(1482, 'Quebec', 'Saint-Hugues'),
(1483, 'Quebec', 'Sainte-Anne-du-Sault'),
(1484, 'Quebec', 'La Conception'),
(1485, 'Alberta', 'Vauxhall'),
(1486, 'New Brunswick', 'Lameque'),
(1487, 'Manitoba', 'Arborg'),
(1488, 'Saskatchewan', 'Estevan No. 5'),
(1489, 'Ontario', 'Thessalon'),
(1490, 'Quebec', 'L\'Isle-aux-Coudres'),
(1491, 'Saskatchewan', 'Lanigan'),
(1492, 'Manitoba', 'Elton'),
(1493, 'Alberta', 'Bowden'),
(1494, 'Saskatchewan', 'South Qu\'Appelle No. 157'),
(1495, 'Ontario', 'Conestogo'),
(1496, 'Manitoba', 'Rosser'),
(1497, 'Quebec', 'Sainte-Lucie-des-Laurentides'),
(1498, 'Quebec', 'Saint-Alexis'),
(1499, 'Quebec', 'Roxton Falls'),
(1500, 'Manitoba', 'Montcalm'),
(1501, 'Newfoundland and Labrador', 'Irishtown-Summerside'),
(1502, 'Quebec', 'Clarendon'),
(1503, 'Saskatchewan', 'Mervin No. 499'),
(1504, 'Quebec', 'Saint-Ludger'),
(1505, 'Manitoba', 'Coldwell'),
(1506, 'New Brunswick', 'Musquash'),
(1507, 'Quebec', 'Racine'),
(1508, 'Saskatchewan', 'Osler'),
(1509, 'Quebec', 'Saint-Zenon'),
(1510, 'Quebec', 'Saint-Armand'),
(1511, 'Quebec', 'Saint-Edouard-de-Lotbiniere'),
(1512, 'Manitoba', 'Alonsa'),
(1513, 'Quebec', 'Saint-Arsene'),
(1514, 'Quebec', 'Listuguj'),
(1515, 'Ontario', 'St. Joseph'),
(1516, 'New Brunswick', 'Queensbury'),
(1517, 'Quebec', 'Saint-Hubert-de-Riviere-du-Loup'),
(1518, 'Quebec', 'Saint-Jude'),
(1519, 'Quebec', 'La Minerve'),
(1520, 'Quebec', 'Trecesson'),
(1521, 'Alberta', 'Legal'),
(1522, 'Ontario', 'Moonbeam'),
(1523, 'Quebec', 'Notre-Dame-des-Pins'),
(1524, 'Quebec', 'Saint-Alban'),
(1525, 'Quebec', 'Saint-Pierre-les-Becquets'),
(1526, 'Saskatchewan', 'Beaver River'),
(1527, 'Quebec', 'Labrecque'),
(1528, 'Ontario', 'Claremont'),
(1529, 'New Brunswick', 'New Bandon'),
(1530, 'Quebec', 'Sainte-Henedine'),
(1531, 'Quebec', 'L\'Anse-Saint-Jean'),
(1532, 'Saskatchewan', 'Moose Jaw No. 161'),
(1533, 'Alberta', 'Bassano'),
(1534, 'Nova Scotia', 'Parrsboro'),
(1535, 'Newfoundland and Labrador', 'St. George\'s'),
(1536, 'Northwest Territories', 'Fort Simpson'),
(1537, 'Quebec', 'Akwesasne'),
(1538, 'Ontario', 'Ignace'),
(1539, 'Manitoba', 'Teulon'),
(1540, 'New Brunswick', 'Peel'),
(1541, 'Prince Edward Island', 'Miltonvale Park'),
(1542, 'Newfoundland and Labrador', 'St. Lawrence'),
(1543, 'Nova Scotia', 'Oxford'),
(1544, 'Manitoba', 'Minto-Odanah'),
(1545, 'Quebec', 'Saint-Valere'),
(1546, 'Newfoundland and Labrador', 'St. Alban\'s'),
(1547, 'British Columbia', 'Kaleden'),
(1548, 'New Brunswick', 'Saint James'),
(1549, 'Quebec', 'Saint-Norbert-d\'Arthabaska'),
(1550, 'Alberta', 'Manning'),
(1551, 'Manitoba', 'Glenella-Lansdowne'),
(1552, 'Quebec', 'Saint-Hilarion'),
(1553, 'Quebec', 'Saint-Modeste'),
(1554, 'Quebec', 'Saint-Simeon'),
(1555, 'Quebec', 'Saint-Barnabe'),
(1556, 'Alberta', 'Irricana'),
(1557, 'New Brunswick', 'Saint Martins'),
(1558, 'Manitoba', 'Two Borders'),
(1559, 'Quebec', 'Bury'),
(1560, 'Quebec', 'Lac-Bouchette'),
(1561, 'Quebec', 'Saint-Lazare-de-Bellechasse'),
(1562, 'Quebec', 'Saint-Michel-du-Squatec'),
(1563, 'Quebec', 'Saint-Joachim-de-Shefford'),
(1564, 'Quebec', 'Grand-Remous'),
(1565, 'Quebec', 'Saint-Gabriel-de-Rimouski'),
(1566, 'Ontario', 'Armstrong'),
(1567, 'New Brunswick', 'Rogersville'),
(1568, 'Saskatchewan', 'Langenburg'),
(1569, 'Quebec', 'Sainte-Marie-Salome'),
(1570, 'Quebec', 'Saint-Cyprien'),
(1571, 'Nova Scotia', 'Centreville'),
(1572, 'Saskatchewan', 'Maidstone'),
(1573, 'Quebec', 'Tres-Saint-Sacrement'),
(1574, 'Ontario', 'Hillsburgh'),
(1575, 'New Brunswick', 'McAdam'),
(1576, 'New Brunswick', 'Newcastle'),
(1577, 'Quebec', 'Saints-Anges'),
(1578, 'Quebec', 'Saint-Urbain-Premier'),
(1579, 'Newfoundland and Labrador', 'Centreville-Wareham-Trinity'),
(1580, 'Prince Edward Island', 'Alberton'),
(1581, 'Manitoba', 'Winnipeg Beach'),
(1582, 'Quebec', 'Sainte-Agathe-de-Lotbiniere'),
(1583, 'British Columbia', 'Salmo'),
(1584, 'Saskatchewan', 'Kipling'),
(1585, 'Ontario', 'Sagamok'),
(1586, 'Quebec', 'Grande-Vallee'),
(1587, 'New Brunswick', 'Bertrand'),
(1588, 'Quebec', 'Mont-Carmel'),
(1589, 'Manitoba', 'Victoria'),
(1590, 'Quebec', 'Saint-Eugene'),
(1591, 'Quebec', 'Notre-Dame-des-Neiges'),
(1592, 'New Brunswick', 'Saint-Andre'),
(1593, 'Manitoba', 'Roland'),
(1594, 'Quebec', 'Saint-Leon-de-Standon'),
(1595, 'Ontario', 'Hensall'),
(1596, 'Saskatchewan', 'Carnduff'),
(1597, 'New Brunswick', 'Greenwich'),
(1598, 'Ontario', 'Carling'),
(1599, 'Alberta', 'Eckville'),
(1600, 'Newfoundland and Labrador', 'Nain'),
(1601, 'Saskatchewan', 'Foam Lake'),
(1602, 'Quebec', 'Sayabec'),
(1603, 'Ontario', 'Laird'),
(1604, 'Quebec', 'Sainte-Sabine'),
(1605, 'Ontario', 'Tara'),
(1606, 'Quebec', 'Saint-Maxime-du-Mont-Louis'),
(1607, 'Quebec', 'Blanc-Sablon'),
(1608, 'Ontario', 'Cobalt'),
(1609, 'Ontario', 'South River'),
(1610, 'Saskatchewan', 'Hudson Bay No. 394'),
(1611, 'Saskatchewan', 'Waldheim'),
(1612, 'Ontario', 'McKellar'),
(1613, 'Saskatchewan', 'Buffalo Narrows'),
(1614, 'Quebec', 'Ayer\'s Cliff'),
(1615, 'Quebec', 'Les Mechins'),
(1616, 'Quebec', 'Sainte-Marguerite'),
(1617, 'Quebec', 'Saint-Claude'),
(1618, 'Saskatchewan', 'Air Ronge'),
(1619, 'New Brunswick', 'Chipman'),
(1620, 'Saskatchewan', 'Weyburn No. 67'),
(1621, 'Alberta', 'Alberta Beach'),
(1622, 'Quebec', 'Sainte-Jeanne-d\'Arc'),
(1623, 'Quebec', 'Sainte-Felicite'),
(1624, 'Quebec', 'Girardville'),
(1625, 'Quebec', 'Saint-Bruno-de-Guigues'),
(1626, 'Saskatchewan', 'Grenfell'),
(1627, 'Ontario', 'South Algonquin'),
(1628, 'Quebec', 'Upton'),
(1629, 'Quebec', 'Saint-Narcisse-de-Beaurivage'),
(1630, 'Quebec', 'Plaisance'),
(1631, 'Quebec', 'Roxton-Sud'),
(1632, 'Saskatchewan', 'St. Louis No. 431'),
(1633, 'New Brunswick', 'Noonan'),
(1634, 'Alberta', 'Duchess'),
(1635, 'Quebec', 'Saint-Frederic'),
(1636, 'Quebec', 'Saint-Narcisse-de-Rimouski'),
(1637, 'New Brunswick', 'Atholville'),
(1638, 'Alberta', 'Viking'),
(1639, 'Ontario', 'Sioux Narrows-Nestor Falls'),
(1640, 'Nunavut', 'Repulse Bay'),
(1641, 'Quebec', 'Saint-Patrice-de-Beaurivage'),
(1642, 'Alberta', 'Bentley'),
(1643, 'New Brunswick', 'Durham'),
(1644, 'Quebec', 'Sainte-Marthe'),
(1645, 'Quebec', 'Notre-Dame-du-Nord'),
(1646, 'Ontario', 'Beachburg'),
(1647, 'Saskatchewan', 'Pinehouse'),
(1648, 'Quebec', 'Saint-Aime-des-Lacs'),
(1649, 'Nova Scotia', 'Wedgeport'),
(1650, 'Quebec', 'Lac-Drolet'),
(1651, 'Saskatchewan', 'Preeceville'),
(1652, 'Saskatchewan', 'Maple Creek No. 111'),
(1653, 'Newfoundland and Labrador', 'Harbour Main-Chapel\'s Cove-Lakeview'),
(1654, 'Quebec', 'Coleraine'),
(1655, 'Saskatchewan', 'Birch Hills'),
(1656, 'Quebec', 'Saint-Bonaventure'),
(1657, 'Quebec', 'Saint-Wenceslas'),
(1658, 'Saskatchewan', 'Kerrobert'),
(1659, 'New Brunswick', 'Havelock'),
(1660, 'Saskatchewan', 'Eston'),
(1661, 'Quebec', 'Sainte-Genevieve-de-Batiscan'),
(1662, 'Quebec', 'Saint-Justin'),
(1663, 'Quebec', 'Saint-Norbert'),
(1664, 'Ontario', 'Schreiber'),
(1665, 'Alberta', 'Trochu'),
(1666, 'New Brunswick', 'Botsford'),
(1667, 'Quebec', 'Riviere-Ouelle'),
(1668, 'Quebec', 'Stukely-Sud'),
(1669, 'Quebec', 'Saint-Georges-de-Clarenceville'),
(1670, 'Ontario', 'Plantagenet'),
(1671, 'Quebec', 'Sainte-Therese-de-Gaspe'),
(1672, 'Quebec', 'Sainte-Petronille'),
(1673, 'Quebec', 'Desbiens'),
(1674, 'Nunavut', 'Clyde River'),
(1675, 'Quebec', 'La Macaza'),
(1676, 'Prince Edward Island', 'Souris'),
(1677, 'Saskatchewan', 'Kindersley No. 290'),
(1678, 'Alberta', 'Falher'),
(1679, 'Quebec', 'Saint-Vallier'),
(1680, 'Manitoba', 'Melita'),
(1681, 'Saskatchewan', 'Davidson'),
(1682, 'Quebec', 'Bristol'),
(1683, 'Nova Scotia', 'Mahone Bay'),
(1684, 'Quebec', 'Saint-Sylvestre'),
(1685, 'Nunavut', 'Taloyoak'),
(1686, 'Alberta', 'Onoway'),
(1687, 'Quebec', 'Saint-Stanislas'),
(1688, 'Saskatchewan', 'Battle River No. 438'),
(1689, 'Prince Edward Island', 'Malpeque'),
(1690, 'Quebec', 'Longue-Rive'),
(1691, 'Manitoba', 'Argyle'),
(1692, 'Saskatchewan', 'Delisle'),
(1693, 'New Brunswick', 'Plaster Rock'),
(1694, 'New Brunswick', 'Wilmot'),
(1695, 'British Columbia', 'Valemount'),
(1696, 'Quebec', 'Saint-Leonard-de-Portneuf'),
(1697, 'Saskatchewan', 'Longlaketon No. 219'),
(1698, 'Ontario', 'Papineau-Cameron'),
(1699, 'Ontario', 'Assiginack'),
(1700, 'Quebec', 'Brebeuf'),
(1701, 'British Columbia', 'Hudson Hope'),
(1702, 'Quebec', 'Baie-du-Febvre'),
(1703, 'Quebec', 'Durham-Sud'),
(1704, 'Quebec', 'Melbourne'),
(1705, 'Saskatchewan', 'Nipawin No. 487'),
(1706, 'Saskatchewan', 'Duck Lake No. 463'),
(1707, 'Alberta', 'Oyen'),
(1708, 'Saskatchewan', 'Gravelbourg'),
(1709, 'Saskatchewan', 'Lajord No. 128'),
(1710, 'Quebec', 'Hebertville'),
(1711, 'Quebec', 'Lorrainville'),
(1712, 'Ontario', 'Prince'),
(1713, 'Ontario', 'Athens'),
(1714, 'Quebec', 'Saint-Rene-de-Matane'),
(1715, 'Quebec', 'Eastman'),
(1716, 'Nunavut', 'Kugluktuk'),
(1717, 'New Brunswick', 'Kedgwick'),
(1718, 'Quebec', 'Wemotaci'),
(1719, 'Quebec', 'Cookshire'),
(1720, 'New Brunswick', 'Dorchester'),
(1721, 'Newfoundland and Labrador', 'Fortune'),
(1722, 'Manitoba', 'Hamiota'),
(1723, 'Manitoba', 'Gillam'),
(1724, 'Manitoba', 'Grand View'),
(1725, 'Newfoundland and Labrador', 'Dildo'),
(1726, 'Quebec', 'Laurierville'),
(1727, 'Quebec', 'Ripon'),
(1728, 'Quebec', 'Henryville'),
(1729, 'Quebec', 'Gracefield'),
(1730, 'Ontario', 'Chatsworth'),
(1731, 'Manitoba', 'McCreary'),
(1732, 'Quebec', 'Yamaska-Est'),
(1733, 'Manitoba', 'Rossburn'),
(1734, 'New Brunswick', 'Rothesay'),
(1735, 'Manitoba', 'Ethelbert'),
(1736, 'Quebec', 'Frelighsburg'),
(1737, 'Ontario', 'Magnetawan');

-- --------------------------------------------------------

--
-- Table structure for table `shoes_color_tbl`
--

DROP TABLE IF EXISTS `shoes_color_tbl`;
CREATE TABLE `shoes_color_tbl` (
  `shoe_color_id` bigint(20) NOT NULL,
  `shoe_id` bigint(20) NOT NULL,
  `color_id` bigint(20) NOT NULL,
  `shoe_image` varchar(1000) NOT NULL,
  `shoe_mrp` decimal(18,2) NOT NULL,
  `shoe_srp` decimal(18,2) NOT NULL
) ENGINE=InnoDB DEFAULT CHARSET=utf8mb4 COLLATE=utf8mb4_general_ci;

--
-- Dumping data for table `shoes_color_tbl`
--

INSERT INTO `shoes_color_tbl` (`shoe_color_id`, `shoe_id`, `color_id`, `shoe_image`, `shoe_mrp`, `shoe_srp`) VALUES
(1, 1, 1, 'Nike Mens Flex Control Tr4 Cross Trainer Sneakers Cross Trainer.jpg', 199.89, 149.59),
(2, 2, 2, 'Nike Mens Flex Control Tr4 Cross Trainer Sneakers Cross Trainer - Green.jpg', 245.55, 230.48),
(3, 3, 5, 'nike_air_max_270.jpg', 145.99, 125.99),
(4, 15, 6, 'nike_air_max_270-2.jpg', 165.99, 145.99),
(5, 13, 2, 'under_armour_hovr_phantom.jpg', 132.58, 120.56),
(6, 9, 5, 'vans_old_skool.jpg', 189.51, 158.95),
(7, 18, 5, 'vans_sk8_hi.jpg', 215.65, 189.58),
(8, 5, 2, 'adidas_ultraboost_21.jpg', 210.58, 180.59),
(9, 16, 1, 'adidas_nmd_r1.jpg', 215.59, 195.58),
(10, 7, 7, 'converse_chuck_taylor_all_star.jpg', 250.89, 200.74),
(11, 17, 1, 'converse_chuck_70.jpg', 240.78, 210.48),
(12, 11, 4, 'puma_rs_x.jpg', 315.56, 280.89),
(13, 19, 5, 'puma_future_rider.jpg\r\n', 310.58, 275.89),
(14, 4, 5, 'nike_free_rn_50.jpg', 115.89, 89.99),
(15, 20, 6, 'nike_air_zoom_pegasus_38.jpg', 150.36, 135.89),
(16, 14, 6, 'under_armour_curry_flow_9.jpg', 245.55, 158.95),
(17, 10, 7, 'vans_slip_on.jpg\r\n', 115.59, 89.99),
(18, 23, 3, 'vans_era.jpg', 112.56, 85.96),
(19, 6, 2, 'adidas_stan_smith.jpg', 150.96, 130.25),
(20, 21, 7, 'adidas_pureboost_21.jpg\r\n', 160.89, 145.56),
(21, 8, 5, 'converse_one_star.jpg', 245.69, 225.89),
(22, 22, 1, 'converse_chuck_taylor_all_star_platform.jpg', 240.99, 210.99),
(23, 12, 6, 'puma_suede_classic.jpg\r\n', 356.96, 310.99),
(24, 24, 3, 'puma_cali_wedge.jpg', 345.96, 310.89);

-- --------------------------------------------------------

--
-- Table structure for table `shoes_master_tbl`
--

DROP TABLE IF EXISTS `shoes_master_tbl`;
CREATE TABLE `shoes_master_tbl` (
  `shoe_id` bigint(20) NOT NULL,
  `brand_id` bigint(20) NOT NULL,
  `category_id` bigint(20) NOT NULL,
  `shoe_name` varchar(1000) NOT NULL,
  `shoe_description` varchar(2000) NOT NULL,
  `shoe_image` varchar(100) NOT NULL,
  `shoe_stock` bigint(20) NOT NULL,
  `is_discount` bit(1) NOT NULL,
  `discount_percent` decimal(18,2) NOT NULL,
  `is_active` bit(1) NOT NULL,
  `shoe_date` timestamp NOT NULL DEFAULT current_timestamp()
) ENGINE=InnoDB DEFAULT CHARSET=utf8mb4 COLLATE=utf8mb4_general_ci;

--
-- Dumping data for table `shoes_master_tbl`
--

INSERT INTO `shoes_master_tbl` (`shoe_id`, `brand_id`, `category_id`, `shoe_name`, `shoe_description`, `shoe_image`, `shoe_stock`, `is_discount`, `discount_percent`, `is_active`, `shoe_date`) VALUES
(1, 1, 1, 'Nike Mens Flex Control Tr4 Cross Trainer Sneakers Cross Trainer', '<b>About this item</b>\r\n<ul>\r\n<li>\r\nMesh upper provides lightweight breathability. A durable overlay wraps from the midfoot around the heel for added support</li>\r\n<li>Segmented rubber outrigger on the forefoot of the sole gives you stability during side-to-side movements. Overlays above the outrigger add durability</li>\r\n<li>Nike Flex sole lets your foot move naturally. Textured rubber tread outlines the sole for durable traction and stability</li>', 'Nike Mens Flex Control Tr4 Cross Trainer Sneakers Cross Trainer.jpg', 200, b'0', 0.00, b'1', '2024-08-04 23:31:55'),
(2, 1, 1, 'Nike Mens Flex Control Tr4 Cross Trainer Sneakers Cross Trainer', '<b>About this item</b>\r\n<ul>\r\n<li>\r\nMesh upper provides lightweight breathability. A durable overlay wraps from the midfoot around the heel for added support</li>\r\n<li>Segmented rubber outrigger on the forefoot of the sole gives you stability during side-to-side movements. Overlays above the outrigger add durability</li>\r\n<li>Nike Flex sole lets your foot move naturally. Textured rubber tread outlines the sole for durable traction and stability</li>', 'Nike Mens Flex Control Tr4 Cross Trainer Sneakers Cross Trainer - Green.jpg', 200, b'0', 0.00, b'1', '2024-08-04 23:35:00'),
(3, 1, 1, 'Nike Air Max 270', 'Featuring a large Air unit in the heel for cushioning, this model provides a comfortable and stylish experience.', 'nike_air_max_270.jpg', 150, b'0', 0.00, b'1', '2024-08-06 06:34:24'),
(4, 1, 2, 'Nike Free RN 5.0', 'A lightweight and flexible shoe designed for running with a minimalist feel.', 'nike_free_rn_50.jpg', 120, b'0', 0.00, b'1', '2024-08-06 06:34:24'),
(5, 4, 1, 'Adidas Ultraboost 21', 'Engineered for a responsive and cushioned ride with a modern look.', 'adidas_ultraboost_21.jpg', 200, b'0', 0.00, b'1', '2024-08-06 06:34:24'),
(6, 4, 2, 'Adidas Stan Smith', 'A classic tennis shoe with a timeless design and comfortable fit.', 'adidas_stan_smith.jpg', 180, b'0', 0.00, b'1', '2024-08-06 06:34:24'),
(7, 5, 1, 'Converse Chuck Taylor All Star', 'A classic high-top sneaker with a canvas upper and rubber sole.', 'converse_chuck_taylor_all_star.jpg', 160, b'0', 0.00, b'1', '2024-08-06 06:34:24'),
(8, 5, 2, 'Converse Chuck Taylor All Star Platform', 'A platform version of the Chuck Taylor for added height and style.', 'converse_one_star.jpg', 140, b'0', 0.00, b'1', '2024-08-06 06:34:24'),
(9, 3, 1, 'Vans Old Skool', 'A classic skate shoe with a durable canvas and suede upper.', 'vans_old_skool.jpg', 170, b'0', 0.00, b'1', '2024-08-06 06:34:24'),
(10, 3, 2, 'Vans mens U Era', 'The Vans Era is very similar to the Vans Authentic, but it also boasts a padded collar. This staple for the Vans brand also features a canvas upper, vulcanized outsole and signature Waffle grip bottom. They are currently available in a nice array of colors and designs. A simple sneaker that is a must have.', 'vans_slip_on.jpg', 150, b'0', 0.00, b'1', '2024-08-06 06:34:24'),
(11, 6, 1, 'Puma RS-X', 'Featuring bold designs and superior cushioning for a stylish look.', 'puma_rs_x.jpg', 130, b'0', 0.00, b'1', '2024-08-06 06:34:24'),
(12, 6, 2, 'Puma Suede Classic', 'A timeless sneaker with a suede upper and rubber outsole.', 'puma_suede_classic.jpg', 160, b'0', 0.00, b'1', '2024-08-06 06:34:24'),
(13, 2, 1, 'Under Armour HOVR Phantom', 'A high-performance running shoe with excellent cushioning and energy return.', 'under_armour_hovr_phantom.jpg', 140, b'0', 0.00, b'1', '2024-08-06 06:35:37'),
(14, 2, 2, 'Under Armour Curry Flow 9', 'Designed for optimal performance on the court with enhanced traction and support.', 'under_armour_curry_flow_9.jpg', 160, b'0', 0.00, b'1', '2024-08-06 06:35:37'),
(15, 1, 1, 'Nike Air Max 270', 'Featuring a large Air unit in the heel for cushioning, this model provides a comfortable and stylish experience.', 'nike_air_max_270-2.jpg', 180, b'0', 0.00, b'1', '2024-08-06 06:36:46'),
(16, 4, 1, 'Adidas Ultraboost 21', 'Engineered for a responsive and cushioned ride with a modern look.', 'adidas_nmd_r1.jpg', 190, b'0', 0.00, b'1', '2024-08-06 06:36:46'),
(17, 5, 1, 'Converse Chuck 70', 'An upgrade to the classic Chuck Taylor with improved cushioning and durability.', 'converse_chuck_70.jpg', 170, b'1', 15.00, b'1', '2024-08-06 06:36:46'),
(18, 3, 1, 'Vans Sk8-Hi', 'A high-top version of the classic Old Skool with additional ankle support.', 'vans_sk8_hi.jpg', 160, b'0', 0.00, b'1', '2024-08-06 06:36:46'),
(19, 6, 1, 'Puma RS-X', 'Featuring bold designs and superior cushioning for a stylish look.', 'puma_future_rider.jpg', 150, b'0', 0.00, b'1', '2024-08-06 06:36:46'),
(20, 1, 2, 'Nike Air Zoom Pegasus 38', 'A versatile running shoe with responsive cushioning and a secure fit.', 'nike_air_zoom_pegasus_38.jpg', 130, b'0', 0.00, b'1', '2024-08-06 06:36:46'),
(21, 4, 2, 'Adidas Pureboost 21', 'Designed for a comfortable and responsive run with a sleek design.', 'adidas_pureboost_21.jpg', 140, b'0', 0.00, b'1', '2024-08-06 06:36:46'),
(22, 5, 2, 'Converse Chuck Taylor All Star Platform', 'A platform version of the Chuck Taylor for added height and style.', 'converse_chuck_taylor_all_star_platform.jpg', 160, b'0', 0.00, b'1', '2024-08-06 06:36:46'),
(23, 3, 2, 'Vans mens U Era', 'The Vans Era is very similar to the Vans Authentic, but it also boasts a padded collar. This staple for the Vans brand also features a canvas upper, vulcanized outsole and signature Waffle grip bottom. They are currently available in a nice array of colors and designs. A simple sneaker that is a must have.', 'vans_era.jpg', 150, b'0', 0.00, b'1', '2024-08-06 06:36:46'),
(24, 6, 2, 'Puma Cali Wedge', 'A stylish wedge sneaker with a comfortable fit and modern design.', 'puma_cali_wedge.jpg', 140, b'0', 0.00, b'1', '2024-08-06 06:36:46');

-- --------------------------------------------------------

--
-- Table structure for table `shoes_size_tbl`
--

DROP TABLE IF EXISTS `shoes_size_tbl`;
CREATE TABLE `shoes_size_tbl` (
  `shoe_size_id` bigint(20) NOT NULL,
  `shoe_id` bigint(20) NOT NULL,
  `shoe_size` int(2) NOT NULL,
  `shoe_size_stock` int(10) NOT NULL,
  `size_type_id` bigint(20) NOT NULL
) ENGINE=InnoDB DEFAULT CHARSET=utf8mb4 COLLATE=utf8mb4_general_ci;

--
-- Dumping data for table `shoes_size_tbl`
--

INSERT INTO `shoes_size_tbl` (`shoe_size_id`, `shoe_id`, `shoe_size`, `shoe_size_stock`, `size_type_id`) VALUES
(5, 1, 8, 10, 1),
(6, 1, 9, 10, 1),
(7, 1, 10, 20, 1),
(8, 1, 11, 50, 1),
(9, 1, 12, 50, 1),
(10, 1, 13, 60, 1),
(11, 2, 6, 10, 1),
(12, 2, 7, 10, 1),
(13, 2, 8, 10, 1),
(14, 2, 9, 10, 1),
(15, 2, 10, 10, 1),
(16, 2, 11, 50, 1),
(17, 2, 12, 50, 1),
(18, 2, 13, 50, 1),
(19, 3, 6, 50, 1),
(20, 3, 7, 50, 1),
(21, 3, 8, 50, 1),
(22, 3, 9, 50, 1),
(23, 3, 10, 50, 1),
(24, 3, 11, 50, 1),
(25, 3, 12, 50, 1),
(26, 4, 6, 45, 2),
(27, 4, 7, 45, 2),
(28, 4, 8, 45, 2),
(29, 4, 9, 45, 2),
(30, 4, 10, 45, 2),
(31, 4, 11, 45, 2),
(32, 4, 12, 45, 2),
(33, 5, 6, 60, 1),
(34, 5, 7, 60, 1),
(35, 5, 8, 60, 1),
(36, 5, 9, 60, 1),
(37, 5, 10, 60, 1),
(38, 5, 11, 60, 1),
(39, 5, 12, 60, 1),
(40, 6, 6, 55, 2),
(41, 6, 7, 55, 2),
(42, 6, 8, 55, 2),
(43, 6, 9, 55, 2),
(44, 6, 10, 55, 2),
(45, 6, 11, 55, 2),
(46, 6, 12, 55, 2),
(47, 7, 6, 40, 1),
(48, 7, 7, 40, 1),
(49, 7, 8, 40, 1),
(50, 7, 9, 40, 1),
(51, 7, 10, 40, 1),
(52, 7, 11, 40, 1),
(53, 7, 12, 40, 1),
(54, 8, 6, 35, 2),
(55, 8, 7, 35, 2),
(56, 8, 8, 35, 2),
(57, 8, 9, 35, 2),
(58, 8, 10, 35, 2),
(59, 8, 11, 35, 2),
(60, 8, 12, 35, 2),
(61, 9, 6, 45, 1),
(62, 9, 7, 45, 1),
(63, 9, 8, 45, 1),
(64, 9, 9, 45, 1),
(65, 9, 10, 45, 1),
(66, 9, 11, 45, 1),
(67, 9, 12, 45, 1),
(68, 10, 6, 50, 2),
(69, 10, 7, 50, 2),
(70, 10, 8, 50, 2),
(71, 10, 9, 50, 2),
(72, 10, 10, 50, 2),
(73, 10, 11, 50, 2),
(74, 10, 12, 50, 2),
(75, 11, 6, 40, 1),
(76, 11, 7, 40, 1),
(77, 11, 8, 40, 1),
(78, 11, 9, 40, 1),
(79, 11, 10, 40, 1),
(80, 11, 11, 40, 1),
(81, 11, 12, 40, 1),
(82, 12, 6, 55, 2),
(83, 12, 7, 55, 2),
(84, 12, 8, 55, 2),
(85, 12, 9, 55, 2),
(86, 12, 10, 55, 2),
(87, 12, 11, 55, 2),
(88, 12, 12, 55, 2),
(89, 13, 6, 50, 1),
(90, 13, 7, 50, 1),
(91, 13, 8, 50, 1),
(92, 13, 9, 50, 1),
(93, 13, 10, 50, 1),
(94, 13, 11, 50, 1),
(95, 13, 12, 50, 1),
(96, 14, 6, 45, 2),
(97, 14, 7, 45, 2),
(98, 14, 8, 45, 2),
(99, 14, 9, 45, 2),
(100, 14, 10, 45, 2),
(101, 14, 11, 45, 2),
(102, 14, 12, 45, 2),
(103, 15, 6, 60, 1),
(104, 15, 7, 60, 1),
(105, 15, 8, 60, 1),
(106, 15, 9, 60, 1),
(107, 15, 10, 60, 1),
(108, 15, 11, 60, 1),
(109, 15, 12, 60, 1),
(110, 16, 6, 55, 2),
(111, 16, 7, 55, 2),
(112, 16, 8, 55, 2),
(113, 16, 9, 55, 2),
(114, 16, 10, 55, 2),
(115, 16, 11, 55, 2),
(116, 16, 12, 55, 2),
(117, 17, 6, 40, 1),
(118, 17, 7, 40, 1),
(119, 17, 8, 40, 1),
(120, 17, 9, 40, 1),
(121, 17, 10, 40, 1),
(122, 17, 11, 40, 1),
(123, 17, 12, 40, 1),
(124, 18, 6, 50, 2),
(125, 18, 7, 50, 2),
(126, 18, 8, 50, 2),
(127, 18, 9, 50, 2),
(128, 18, 10, 50, 2),
(129, 18, 11, 50, 2),
(130, 18, 12, 50, 2),
(131, 19, 6, 45, 1),
(132, 19, 7, 45, 1),
(133, 19, 8, 45, 1),
(134, 19, 9, 45, 1),
(135, 19, 10, 45, 1),
(136, 19, 11, 45, 1),
(137, 19, 12, 45, 1),
(138, 20, 6, 50, 2),
(139, 20, 7, 50, 2),
(140, 20, 8, 50, 2),
(141, 20, 9, 50, 2),
(142, 20, 10, 50, 2),
(143, 20, 11, 50, 2),
(144, 20, 12, 50, 2),
(145, 21, 6, 55, 1),
(146, 21, 7, 55, 1),
(147, 21, 8, 55, 1),
(148, 21, 9, 55, 1),
(149, 21, 10, 55, 1),
(150, 21, 11, 55, 1),
(151, 21, 12, 55, 1),
(152, 22, 6, 45, 2),
(153, 22, 7, 45, 2),
(154, 22, 8, 45, 2),
(155, 22, 9, 45, 2),
(156, 22, 10, 45, 2),
(157, 22, 11, 45, 2),
(158, 22, 12, 45, 2),
(159, 23, 6, 60, 1),
(160, 23, 7, 60, 1),
(161, 23, 8, 60, 1),
(162, 23, 9, 60, 1),
(163, 23, 10, 60, 1),
(164, 23, 11, 60, 1),
(165, 23, 12, 60, 1),
(166, 24, 6, 50, 2),
(167, 24, 7, 50, 2),
(168, 24, 8, 50, 2),
(169, 24, 9, 50, 2),
(170, 24, 10, 50, 2),
(171, 24, 11, 50, 2),
(172, 24, 12, 50, 2);

-- --------------------------------------------------------

--
-- Table structure for table `size_master_tbl`
--

DROP TABLE IF EXISTS `size_master_tbl`;
CREATE TABLE `size_master_tbl` (
  `size_type_id` bigint(20) NOT NULL,
  `size_type` varchar(20) NOT NULL
) ENGINE=InnoDB DEFAULT CHARSET=utf8mb4 COLLATE=utf8mb4_general_ci;

--
-- Dumping data for table `size_master_tbl`
--

INSERT INTO `size_master_tbl` (`size_type_id`, `size_type`) VALUES
(1, 'UK'),
(2, 'US');

--
-- Indexes for dumped tables
--

--
-- Indexes for table `brand_master_tbl`
--
ALTER TABLE `brand_master_tbl`
  ADD PRIMARY KEY (`brand_id`);

--
-- Indexes for table `cart_master_tbl`
--
ALTER TABLE `cart_master_tbl`
  ADD PRIMARY KEY (`cart_id`),
  ADD KEY `order_id` (`order_id`),
  ADD KEY `shoe_id` (`shoe_id`),
  ADD KEY `shoe_size_id` (`shoe_size_id`);

--
-- Indexes for table `category_master_tbl`
--
ALTER TABLE `category_master_tbl`
  ADD PRIMARY KEY (`category_id`);

--
-- Indexes for table `color_master_tbl`
--
ALTER TABLE `color_master_tbl`
  ADD PRIMARY KEY (`color_id`);

--
-- Indexes for table `contact_us_master_tbl`
--
ALTER TABLE `contact_us_master_tbl`
  ADD PRIMARY KEY (`contact_us_id`);

--
-- Indexes for table `manage_customer_address_tbl`
--
ALTER TABLE `manage_customer_address_tbl`
  ADD PRIMARY KEY (`address_id`),
  ADD KEY `customer_id` (`customer_id`);

--
-- Indexes for table `manage_customer_tbl`
--
ALTER TABLE `manage_customer_tbl`
  ADD PRIMARY KEY (`customer_id`);

--
-- Indexes for table `order_master_tbl`
--
ALTER TABLE `order_master_tbl`
  ADD PRIMARY KEY (`order_id`),
  ADD KEY `customer_id` (`customer_id`);

--
-- Indexes for table `place_of_supply_tbl`
--
ALTER TABLE `place_of_supply_tbl`
  ADD PRIMARY KEY (`place_of_supply_id`);

--
-- Indexes for table `shoes_color_tbl`
--
ALTER TABLE `shoes_color_tbl`
  ADD PRIMARY KEY (`shoe_color_id`),
  ADD KEY `shoe_id` (`shoe_id`),
  ADD KEY `color_id` (`color_id`);

--
-- Indexes for table `shoes_master_tbl`
--
ALTER TABLE `shoes_master_tbl`
  ADD PRIMARY KEY (`shoe_id`),
  ADD KEY `brand_id` (`brand_id`),
  ADD KEY `category_id` (`category_id`);

--
-- Indexes for table `shoes_size_tbl`
--
ALTER TABLE `shoes_size_tbl`
  ADD PRIMARY KEY (`shoe_size_id`),
  ADD KEY `size_type_id` (`size_type_id`),
  ADD KEY `shoe_id` (`shoe_id`);

--
-- Indexes for table `size_master_tbl`
--
ALTER TABLE `size_master_tbl`
  ADD PRIMARY KEY (`size_type_id`);

--
-- AUTO_INCREMENT for dumped tables
--

--
-- AUTO_INCREMENT for table `brand_master_tbl`
--
ALTER TABLE `brand_master_tbl`
  MODIFY `brand_id` bigint(20) NOT NULL AUTO_INCREMENT, AUTO_INCREMENT=7;

--
-- AUTO_INCREMENT for table `cart_master_tbl`
--
ALTER TABLE `cart_master_tbl`
  MODIFY `cart_id` bigint(20) NOT NULL AUTO_INCREMENT, AUTO_INCREMENT=29;

--
-- AUTO_INCREMENT for table `category_master_tbl`
--
ALTER TABLE `category_master_tbl`
  MODIFY `category_id` bigint(20) NOT NULL AUTO_INCREMENT, AUTO_INCREMENT=4;

--
-- AUTO_INCREMENT for table `color_master_tbl`
--
ALTER TABLE `color_master_tbl`
  MODIFY `color_id` bigint(20) NOT NULL AUTO_INCREMENT, AUTO_INCREMENT=8;

--
-- AUTO_INCREMENT for table `contact_us_master_tbl`
--
ALTER TABLE `contact_us_master_tbl`
  MODIFY `contact_us_id` bigint(20) NOT NULL AUTO_INCREMENT, AUTO_INCREMENT=2;

--
-- AUTO_INCREMENT for table `manage_customer_address_tbl`
--
ALTER TABLE `manage_customer_address_tbl`
  MODIFY `address_id` bigint(20) NOT NULL AUTO_INCREMENT, AUTO_INCREMENT=2;

--
-- AUTO_INCREMENT for table `manage_customer_tbl`
--
ALTER TABLE `manage_customer_tbl`
  MODIFY `customer_id` bigint(20) NOT NULL AUTO_INCREMENT, AUTO_INCREMENT=2;

--
-- AUTO_INCREMENT for table `order_master_tbl`
--
ALTER TABLE `order_master_tbl`
  MODIFY `order_id` bigint(20) NOT NULL AUTO_INCREMENT, AUTO_INCREMENT=13;

--
-- AUTO_INCREMENT for table `place_of_supply_tbl`
--
ALTER TABLE `place_of_supply_tbl`
  MODIFY `place_of_supply_id` bigint(20) NOT NULL AUTO_INCREMENT, AUTO_INCREMENT=1738;

--
-- AUTO_INCREMENT for table `shoes_color_tbl`
--
ALTER TABLE `shoes_color_tbl`
  MODIFY `shoe_color_id` bigint(20) NOT NULL AUTO_INCREMENT, AUTO_INCREMENT=25;

--
-- AUTO_INCREMENT for table `shoes_master_tbl`
--
ALTER TABLE `shoes_master_tbl`
  MODIFY `shoe_id` bigint(20) NOT NULL AUTO_INCREMENT, AUTO_INCREMENT=25;

--
-- AUTO_INCREMENT for table `shoes_size_tbl`
--
ALTER TABLE `shoes_size_tbl`
  MODIFY `shoe_size_id` bigint(20) NOT NULL AUTO_INCREMENT, AUTO_INCREMENT=173;

--
-- AUTO_INCREMENT for table `size_master_tbl`
--
ALTER TABLE `size_master_tbl`
  MODIFY `size_type_id` bigint(20) NOT NULL AUTO_INCREMENT, AUTO_INCREMENT=8;

--
-- Constraints for dumped tables
--

--
-- Constraints for table `cart_master_tbl`
--
ALTER TABLE `cart_master_tbl`
  ADD CONSTRAINT `cart_master_tbl_ibfk_1` FOREIGN KEY (`order_id`) REFERENCES `order_master_tbl` (`order_id`) ON DELETE CASCADE ON UPDATE CASCADE,
  ADD CONSTRAINT `cart_master_tbl_ibfk_2` FOREIGN KEY (`shoe_id`) REFERENCES `shoes_master_tbl` (`shoe_id`) ON DELETE CASCADE ON UPDATE CASCADE,
  ADD CONSTRAINT `cart_master_tbl_ibfk_3` FOREIGN KEY (`shoe_size_id`) REFERENCES `shoes_size_tbl` (`shoe_size_id`) ON DELETE CASCADE ON UPDATE CASCADE;

--
-- Constraints for table `manage_customer_address_tbl`
--
ALTER TABLE `manage_customer_address_tbl`
  ADD CONSTRAINT `manage_customer_address_tbl_ibfk_1` FOREIGN KEY (`customer_id`) REFERENCES `manage_customer_tbl` (`customer_id`);

--
-- Constraints for table `order_master_tbl`
--
ALTER TABLE `order_master_tbl`
  ADD CONSTRAINT `order_master_tbl_ibfk_1` FOREIGN KEY (`customer_id`) REFERENCES `manage_customer_tbl` (`customer_id`);

--
-- Constraints for table `shoes_color_tbl`
--
ALTER TABLE `shoes_color_tbl`
  ADD CONSTRAINT `shoes_color_tbl_ibfk_2` FOREIGN KEY (`shoe_id`) REFERENCES `shoes_master_tbl` (`shoe_id`),
  ADD CONSTRAINT `shoes_color_tbl_ibfk_3` FOREIGN KEY (`color_id`) REFERENCES `color_master_tbl` (`color_id`);

--
-- Constraints for table `shoes_master_tbl`
--
ALTER TABLE `shoes_master_tbl`
  ADD CONSTRAINT `shoes_master_tbl_ibfk_1` FOREIGN KEY (`brand_id`) REFERENCES `brand_master_tbl` (`brand_id`),
  ADD CONSTRAINT `shoes_master_tbl_ibfk_2` FOREIGN KEY (`category_id`) REFERENCES `category_master_tbl` (`category_id`);

--
-- Constraints for table `shoes_size_tbl`
--
ALTER TABLE `shoes_size_tbl`
  ADD CONSTRAINT `shoes_size_tbl_ibfk_1` FOREIGN KEY (`size_type_id`) REFERENCES `size_master_tbl` (`size_type_id`),
  ADD CONSTRAINT `shoes_size_tbl_ibfk_2` FOREIGN KEY (`shoe_id`) REFERENCES `shoes_master_tbl` (`shoe_id`);
COMMIT;

/*!40101 SET CHARACTER_SET_CLIENT=@OLD_CHARACTER_SET_CLIENT */;
/*!40101 SET CHARACTER_SET_RESULTS=@OLD_CHARACTER_SET_RESULTS */;
/*!40101 SET COLLATION_CONNECTION=@OLD_COLLATION_CONNECTION */;
